Pclass,Age,SibSp,Parch,Fare,FamilySize,IsAlone,NameLength,FareBin,Age_Class,IsMinor,Has_Cabin,SibSp_Parch_Ratio,FarePerPerson,Sex_female,Sex_male,Embarked_C,Embarked_Q,Embarked_S,Title_Master,Title_Miss,Title_Mr,Title_Mrs,Title_Rare,Survived
-0.31938195907847927,0.23991074523545938,-0.49831226766291803,-0.4319629564452148,-0.5599087247557233,-0.5689165750987485,0.8287754140107481,-0.14014588427305608,-0.4155658679111687,0.44028731229213913,0.4584156711285424,0.0,-0.5728423386734577,-0.5688938320676449,0.0,1.0,0.0,0.0,1.0,0.0,0.0,1.0,0.0,0.0,0
-0.31938195907847927,-0.43081016637233305,1.6218953425207079,-0.4319629564452148,0.2865412472906124,0.7325775076614022,-1.2065994998097656,0.16380687772175398,1.30864531075132,-0.2281776156020346,0.4584156711285424,0.0,3.2211343506923575,0.3259413773406311,0.0,1.0,0.0,0.0,1.0,0.0,0.0,1.0,0.0,0.0,0
-0.31938195907847927,-0.17928982451941083,-0.49831226766291803,-0.4319629564452148,-0.66476328696862,-0.5689165750987485,0.8287754140107481,-0.6467338209310729,-0.4155658679111687,0.022496732358280615,0.4584156711285424,0.0,-0.5728423386734577,-0.716115084108406,0.0,1.0,0.0,1.0,0.0,0.0,0.0,1.0,0.0,0.0,0
-1.5046438961030588,-0.43081016637233305,0.5617915374288949,-0.4319629564452148,1.9033058760259998,0.08183046628132684,-1.2065994998097656,-0.14014588427305608,1.30864531075132,-0.0044397655585076915,0.4584156711285424,0.0,1.3241460060094499,1.5343582684091057,0.0,1.0,0.0,0.0,1.0,0.0,0.0,1.0,0.0,0.0,0
-0.31938195907847927,-0.8500107361272031,-0.49831226766291803,-0.4319629564452148,-0.6742938561133363,-0.5689165750987485,0.8287754140107481,-0.14014588427305608,-0.4155658679111687,-0.6459681955358931,0.4584156711285424,0.0,-0.5728423386734577,-0.7294964982551487,0.0,1.0,0.0,0.0,1.0,0.0,0.0,1.0,0.0,0.0,0
0.8658799779461003,-0.17928982451941083,-0.49831226766291803,-0.4319629564452148,-0.832145337386842,-0.5689165750987485,0.8287754140107481,-1.0520041702574863,-1.277671457242413,-0.07590394370508866,0.4584156711285424,0.0,-0.5728423386734577,-0.9511281775939039,0.0,1.0,0.0,0.0,1.0,0.0,0.0,1.0,0.0,0.0,0
-1.5046438961030588,-0.3469700524213589,-0.49831226766291803,-0.4319629564452148,0.03489395830386393,-0.5689165750987485,0.8287754140107481,-0.8493689955942796,0.44653972142007575,0.037339292434878185,0.4584156711285424,0.0,-0.5728423386734577,0.26624003210737485,0.0,1.0,1.0,0.0,0.0,0.0,0.0,1.0,0.0,0.0,0
0.8658799779461003,-1.939932217489866,2.6819991476125207,0.6367453950562796,-0.19044475047063344,2.034071590421553,-1.2065994998097656,-0.03882829694145273,0.44653972142007575,-2.707984597288398,0.4584156711285424,0.0,2.2726401783509034,0.13327384966440253,0.0,1.0,0.0,0.0,1.0,1.0,0.0,0.0,0.0,0.0,0
-1.5046438961030588,1.413672340549096,-0.49831226766291803,-0.4319629564452148,1.9033058760259998,-0.5689165750987485,0.8287754140107481,1.582253100364201,1.30864531075132,0.9146995102959812,-2.181426297094443,0.0,-0.5728423386734577,2.8895874196672064,0.0,1.0,1.0,0.0,0.0,0.0,0.0,1.0,0.0,0.0,0
0.8658799779461003,-1.2692113058820735,-0.49831226766291803,-0.4319629564452148,-0.7326302731057188,-0.5689165750987485,0.8287754140107481,-0.14014588427305608,-0.4155658679111687,-1.7052872054471373,0.4584156711285424,0.0,-0.5728423386734577,-0.8114038580107756,0.0,1.0,0.0,0.0,1.0,0.0,0.0,1.0,0.0,0.0,0
0.8658799779461003,-0.3469700524213589,-0.49831226766291803,-0.4319629564452148,-0.7921105414116775,-0.5689165750987485,0.8287754140107481,0.3664420523849607,-0.4155658679111687,-0.3265782916654038,0.4584156711285424,0.0,-0.5728423386734577,-0.8949172444282777,0.0,1.0,0.0,0.0,1.0,0.0,0.0,1.0,0.0,0.0,0
0.8658799779461003,-1.6045717616859696,4.802206757796146,1.705453746557774,0.9911536564535081,3.9863127145617794,-1.2065994998097656,-0.03882829694145273,1.30864531075132,-2.206635901367767,0.4584156711285424,0.0,2.5888049024647217,0.35784776768649273,1.0,0.0,0.0,0.0,1.0,0.0,1.0,0.0,0.0,0.0,1
0.8658799779461003,0.15607063128448534,2.6819991476125207,-0.4319629564452148,-0.33113846204049735,1.3833245490414776,-1.2065994998097656,-0.24146347160465945,0.44653972142007575,0.4254447522155416,0.4584156711285424,0.0,5.1181226953752645,0.07242471294009446,0.0,1.0,0.0,0.0,1.0,0.0,0.0,1.0,0.0,0.0,0
-1.5046438961030588,-1.0176909640291514,-0.49831226766291803,-0.4319629564452148,1.0003044669621173,-0.5689165750987485,0.8287754140107481,-0.5454162335994696,1.30864531075132,-0.2968931715122087,0.4584156711285424,0.0,-0.5728423386734577,1.6217265347299072,0.0,1.0,0.0,0.0,1.0,0.0,0.0,1.0,0.0,0.0,0
0.8658799779461003,-0.17928982451941083,-0.49831226766291803,-0.4319629564452148,-0.8001175006067105,-0.5689165750987485,0.8287754140107481,-0.7480514082626762,-1.277671457242413,-0.07590394370508866,0.4584156711285424,0.0,-0.5728423386734577,-0.906159431061403,0.0,1.0,0.0,1.0,0.0,0.0,0.0,1.0,0.0,0.0,0
-0.31938195907847927,0.49143108708838157,-0.49831226766291803,-0.4319629564452148,-0.5896488589087027,-0.5689165750987485,0.8287754140107481,-1.0520041702574863,-0.4155658679111687,0.6909616602524543,0.4584156711285424,0.0,-0.5728423386734577,-0.610650525276396,0.0,1.0,0.0,1.0,0.0,0.0,0.0,1.0,0.0,0.0,0
0.8658799779461003,-0.43081016637233305,-0.49831226766291803,-0.4319629564452148,-0.7989736492931344,-0.5689165750987485,0.8287754140107481,0.26512446505335735,-1.277671457242413,-0.45191546564556145,0.4584156711285424,0.0,-0.5728423386734577,-0.904553404399528,0.0,1.0,0.0,0.0,1.0,0.0,0.0,1.0,0.0,0.0,0
0.8658799779461003,-0.17928982451941083,-0.49831226766291803,-0.4319629564452148,-0.8001175006067105,-0.5689165750987485,0.8287754140107481,-1.0520041702574863,-1.277671457242413,-0.07590394370508866,0.4584156711285424,0.0,-0.5728423386734577,-0.906159431061403,0.0,1.0,0.0,1.0,0.0,0.0,0.0,1.0,0.0,0.0,0
0.8658799779461003,-0.514650280323307,-0.49831226766291803,-0.4319629564452148,-0.832145337386842,-0.5689165750987485,0.8287754140107481,-1.3559569322522964,-1.277671457242413,-0.5772526396257189,0.4584156711285424,0.0,-0.5728423386734577,-0.9511281775939039,0.0,1.0,0.0,0.0,1.0,0.0,0.0,1.0,0.0,0.0,0
0.8658799779461003,-0.17928982451941083,-0.49831226766291803,-0.4319629564452148,-0.7583669276611816,-0.5689165750987485,0.8287754140107481,-1.1533217575890897,-0.4155658679111687,-0.07590394370508866,0.4584156711285424,0.0,-0.5728423386734577,-0.847539457902964,0.0,1.0,0.0,0.0,1.0,0.0,0.0,1.0,0.0,0.0,0
0.8658799779461003,-0.17928982451941083,0.5617915374288949,-0.4319629564452148,-0.7921105414116775,0.08183046628132684,-1.2065994998097656,0.06248929039015063,-0.4155658679111687,-0.07590394370508866,0.4584156711285424,0.0,1.3241460060094499,-0.35789406363863635,1.0,0.0,0.0,0.0,1.0,0.0,1.0,0.0,0.0,0.0,1
0.8658799779461003,-0.17928982451941083,-0.49831226766291803,3.842870449560763,0.010493322082657939,2.034071590421553,-1.2065994998097656,0.16380687772175398,0.44653972142007575,-0.07590394370508866,0.4584156711285424,0.0,-0.5728423386734577,0.18969934799205532,1.0,0.0,0.0,0.0,1.0,0.0,0.0,0.0,1.0,0.0,1
0.8658799779461003,-1.0176909640291514,-0.49831226766291803,-0.4319629564452148,-0.7934465597459344,-0.5689165750987485,0.8287754140107481,-1.254639344920693,-1.277671457242413,-1.3292756835066644,0.4584156711285424,0.0,-0.5728423386734577,-0.8967930835693476,0.0,1.0,0.0,0.0,1.0,0.0,0.0,1.0,0.0,0.0,0
-0.31938195907847927,-0.514650280323307,-0.49831226766291803,-0.4319629564452148,-0.6742938561133363,-0.5689165750987485,0.8287754140107481,0.26512446505335735,-0.4155658679111687,-0.31173573158880624,0.4584156711285424,0.0,-0.5728423386734577,-0.7294964982551487,0.0,1.0,0.0,0.0,1.0,0.0,0.0,1.0,0.0,0.0,0
0.8658799779461003,-0.17928982451941083,-0.49831226766291803,-0.4319629564452148,-0.824138378191809,-0.5689165750987485,0.8287754140107481,-0.8493689955942796,-1.277671457242413,-0.07590394370508866,0.4584156711285424,0.0,-0.5728423386734577,-0.9398859909607786,0.0,1.0,1.0,0.0,0.0,0.0,0.0,1.0,0.0,0.0,0
0.8658799779461003,-0.5984903942742811,-0.49831226766291803,-0.4319629564452148,-0.8012613519202865,-0.5689165750987485,0.8287754140107481,0.06248929039015063,-1.277671457242413,-0.7025898136058766,0.4584156711285424,0.0,-0.5728423386734577,-0.9077654577232779,1.0,0.0,0.0,1.0,0.0,0.0,1.0,0.0,0.0,0.0,1
0.8658799779461003,-0.17928982451941083,-0.49831226766291803,-0.4319629564452148,-0.7934465597459344,-0.5689165750987485,0.8287754140107481,-0.6467338209310729,-1.277671457242413,-0.07590394370508866,0.4584156711285424,0.0,-0.5728423386734577,-0.8967930835693476,0.0,1.0,0.0,0.0,1.0,0.0,0.0,1.0,0.0,0.0,0
-0.31938195907847927,2.157753351863991,-0.49831226766291803,-0.4319629564452148,-0.5896488589087027,-0.5689165750987485,0.8287754140107481,-1.0520041702574863,-0.4155658679111687,2.3516792154895425,-2.181426297094443,0.0,-0.5728423386734577,-0.610650525276396,0.0,1.0,0.0,1.0,0.0,0.0,0.0,1.0,0.0,0.0,0
0.8658799779461003,-1.4788115907595085,0.5617915374288949,0.6367453950562796,-0.4912776459411554,0.7325775076614022,-1.2065994998097656,0.5690772270481674,0.44653972142007575,-2.018630140397531,0.4584156711285424,0.0,0.3756518336679961,-0.038091332684377484,0.0,1.0,0.0,0.0,1.0,1.0,0.0,0.0,0.0,0.0,0
-1.5046438961030588,-0.17928982451941083,-0.49831226766291803,-0.4319629564452148,-1.1547114078153105,-0.5689165750987485,0.8287754140107481,0.9743475763745808,-1.277671457242413,0.12089740842164991,0.4584156711285424,0.0,-0.5728423386734577,-1.4040276962426648,0.0,1.0,0.0,0.0,1.0,0.0,0.0,1.0,0.0,0.0,0
-1.5046438961030588,-1.939932217489866,-0.49831226766291803,1.705453746557774,1.9033058760259998,0.7325775076614022,-1.2065994998097656,0.3664420523849607,1.30864531075132,-0.7564628094394532,0.4584156711285424,0.0,-0.5728423386734577,1.0826152179897388,0.0,1.0,1.0,0.0,0.0,1.0,0.0,0.0,0.0,0.0,0
0.8658799779461003,-0.17928982451941083,-0.49831226766291803,-0.4319629564452148,-0.8601696945694572,-0.5689165750987485,0.8287754140107481,-1.1533217575890897,-1.277671457242413,-0.07590394370508866,0.4584156711285424,0.0,-0.5728423386734577,-0.9904758308098425,0.0,1.0,1.0,0.0,0.0,0.0,0.0,1.0,0.0,0.0,0
-1.5046438961030588,-0.5984903942742811,-0.49831226766291803,0.6367453950562796,1.681088165560595,0.08183046628132684,-1.2065994998097656,0.06248929039015063,1.30864531075132,-0.08799788154527939,0.4584156711285424,0.0,-0.5728423386734577,1.3783556640878774,1.0,0.0,1.0,0.0,0.0,0.0,1.0,0.0,0.0,0.0,1
-0.31938195907847927,-0.2631299384703849,0.5617915374288949,0.6367453950562796,0.17215611593299948,0.7325775076614022,-1.2065994998097656,0.06248929039015063,0.44653972142007575,-0.06106138362849114,0.4584156711285424,0.0,0.3756518336679961,0.27240715527812986,0.0,1.0,0.0,0.0,1.0,0.0,0.0,1.0,0.0,0.0,0
-0.31938195907847927,-2.118092459635686,0.5617915374288949,1.705453746557774,0.114963550254193,1.3833245490414776,-1.2065994998097656,-0.6467338209310729,0.44653972142007575,-1.9097846998358154,0.4584156711285424,0.0,0.05948710955417813,0.22901231247291068,1.0,0.0,0.0,0.0,1.0,0.0,1.0,0.0,0.0,0.0,1
-0.31938195907847927,-0.5984903942742811,-0.49831226766291803,-0.4319629564452148,-0.19387630441136183,-0.5689165750987485,0.8287754140107481,0.9743475763745808,0.44653972142007575,-0.395293847575578,0.4584156711285424,0.0,-0.5728423386734577,-0.054965300267632626,1.0,0.0,0.0,0.0,1.0,0.0,0.0,0.0,1.0,0.0,1
0.8658799779461003,-0.17928982451941083,-0.49831226766291803,-0.4319629564452148,-0.7560792250340295,-0.5689165750987485,0.8287754140107481,0.46775963971656404,-0.4155658679111687,-0.07590394370508866,0.4584156711285424,0.0,-0.5728423386734577,-0.844327404579214,0.0,1.0,0.0,0.0,1.0,0.0,0.0,1.0,0.0,0.0,0
-0.31938195907847927,-0.17928982451941083,0.5617915374288949,-0.4319629564452148,0.03489395830386393,0.08183046628132684,-1.2065994998097656,-0.9506865829258829,0.44653972142007575,0.022496732358280615,0.4584156711285424,0.0,1.3241460060094499,0.22268457462918995,0.0,1.0,0.0,0.0,1.0,0.0,0.0,1.0,0.0,0.0,0
0.8658799779461003,-0.9338508500781773,-0.49831226766291803,-0.4319629564452148,-0.7583669276611816,-0.5689165750987485,0.8287754140107481,-0.7480514082626762,-0.4155658679111687,-1.203938509526507,0.4584156711285424,0.0,-0.5728423386734577,-0.847539457902964,0.0,1.0,0.0,0.0,1.0,0.0,0.0,1.0,0.0,0.0,0
0.8658799779461003,-0.17928982451941083,1.6218953425207079,-0.4319629564452148,-0.16280015192412545,0.7325775076614022,-1.2065994998097656,-1.0520041702574863,0.44653972142007575,-0.07590394370508866,0.4584156711285424,0.0,3.2211343506923575,0.11564182212806619,0.0,1.0,1.0,0.0,0.0,0.0,0.0,1.0,0.0,0.0,0
0.8658799779461003,0.3237508591864335,-0.49831226766291803,-0.4319629564452148,-0.7953499283317251,-0.5689165750987485,0.8287754140107481,0.5690772270481674,-1.277671457242413,0.6761191001758567,0.4584156711285424,0.0,-0.5728423386734577,-0.8994655119347078,0.0,1.0,0.0,0.0,1.0,0.0,0.0,1.0,0.0,0.0,0
-1.5046438961030588,-0.514650280323307,-0.49831226766291803,-0.4319629564452148,1.9033058760259998,-0.5689165750987485,0.8287754140107481,-0.14014588427305608,1.30864531075132,-0.046218823551893516,0.4584156711285424,0.0,-0.5728423386734577,2.8895874196672064,0.0,1.0,0.0,0.0,1.0,0.0,0.0,1.0,0.0,0.0,0
-1.5046438961030588,0.5752712010393557,-0.49831226766291803,-0.4319629564452148,1.9033058760259998,-0.5689165750987485,0.8287754140107481,-0.7480514082626762,1.30864531075132,0.49690893036212264,0.4584156711285424,0.0,-0.5728423386734577,2.8895874196672064,0.0,1.0,1.0,0.0,0.0,0.0,0.0,1.0,0.0,0.0,0
0.8658799779461003,-0.17928982451941083,-0.49831226766291803,-0.4319629564452148,-0.8001175006067105,-0.5689165750987485,0.8287754140107481,-1.1533217575890897,-1.277671457242413,-0.07590394370508866,0.4584156711285424,0.0,-0.5728423386734577,-0.906159431061403,0.0,1.0,0.0,1.0,0.0,0.0,0.0,1.0,0.0,0.0,0
-1.5046438961030588,2.157753351863991,0.5617915374288949,-0.4319629564452148,1.9033058760259998,0.08183046628132684,-1.2065994998097656,1.0756651637061843,1.30864531075132,1.2854886499872809,-2.181426297094443,0.0,1.3241460060094499,1.5343582684091057,1.0,0.0,0.0,0.0,1.0,0.0,0.0,0.0,1.0,0.0,1
0.8658799779461003,-0.5984903942742811,-0.49831226766291803,-0.4319629564452148,-0.824138378191809,-0.5689165750987485,0.8287754140107481,-0.7480514082626762,-1.277671457242413,-0.7025898136058766,0.4584156711285424,0.0,-0.5728423386734577,-0.9398859909607786,0.0,1.0,1.0,0.0,0.0,0.0,0.0,1.0,0.0,0.0,0
-1.5046438961030588,2.0005531382059143,-0.49831226766291803,-0.4319629564452148,0.14927908966147685,-0.5689165750987485,0.8287754140107481,-0.24146347160465945,0.44653972142007575,1.2071529162496821,-2.181426297094443,0.0,-0.5728423386734577,0.42684269829487864,0.0,1.0,1.0,0.0,0.0,0.0,0.0,0.0,0.0,1.0,0
0.8658799779461003,-0.514650280323307,-0.49831226766291803,-0.4319629564452148,-0.7953499283317251,-0.5689165750987485,0.8287754140107481,-0.3427810589362628,-1.277671457242413,-0.5772526396257189,0.4584156711285424,0.0,-0.5728423386734577,-0.8994655119347078,1.0,0.0,0.0,0.0,1.0,0.0,1.0,0.0,0.0,0.0,1
0.8658799779461003,2.157753351863991,-0.49831226766291803,-0.4319629564452148,-0.493373181547627,-0.5689165750987485,0.8287754140107481,-0.9506865829258829,-0.4155658679111687,3.417869780991804,-2.181426297094443,0.0,-0.5728423386734577,-0.4754744731996977,0.0,1.0,0.0,0.0,1.0,0.0,0.0,1.0,0.0,0.0,0
-1.5046438961030588,0.15607063128448534,-0.49831226766291803,-0.4319629564452148,1.9033058760259998,-0.5689165750987485,0.8287754140107481,-0.24146347160465945,1.30864531075132,0.2880136403951934,0.4584156711285424,0.0,-0.5728423386734577,2.8895874196672064,1.0,0.0,1.0,0.0,0.0,0.0,1.0,0.0,0.0,0.0,1
0.8658799779461003,0.15607063128448534,-0.49831226766291803,-0.4319629564452148,-0.8008815932841793,-0.5689165750987485,0.8287754140107481,-0.3427810589362628,-1.277671457242413,0.4254447522155416,0.4584156711285424,0.0,-0.5728423386734577,-0.9072322568715354,0.0,1.0,0.0,1.0,0.0,0.0,0.0,1.0,0.0,0.0,0
-1.5046438961030588,-0.2631299384703849,0.5617915374288949,-0.4319629564452148,1.9033058760259998,0.08183046628132684,-1.2065994998097656,1.7848882750274078,1.30864531075132,0.07911835042826404,0.4584156711285424,0.0,1.3241460060094499,1.5343582684091057,1.0,0.0,1.0,0.0,0.0,0.0,0.0,0.0,1.0,0.0,1
-1.5046438961030588,0.07223051733351128,-0.49831226766291803,-0.4319629564452148,1.9033058760259998,-0.5689165750987485,0.8287754140107481,-0.44409864626786616,1.30864531075132,0.24623458240180748,0.4584156711285424,0.0,-0.5728423386734577,2.8895874196672064,1.0,0.0,0.0,0.0,1.0,0.0,1.0,0.0,0.0,0.0,1
0.8658799779461003,-0.17928982451941083,-0.49831226766291803,-0.4319629564452148,-0.8001175006067105,-0.5689165750987485,0.8287754140107481,-0.6467338209310729,-1.277671457242413,-0.07590394370508866,0.4584156711285424,0.0,-0.5728423386734577,-0.906159431061403,0.0,1.0,0.0,1.0,0.0,0.0,0.0,1.0,0.0,0.0,0
-0.31938195907847927,-0.8919307931026903,-0.49831226766291803,-0.4319629564452148,-0.5599087247557233,-0.5689165750987485,0.8287754140107481,-1.0520041702574863,-0.4155658679111687,-0.6877472535292791,0.4584156711285424,0.0,-0.5728423386734577,-0.5688938320676449,0.0,1.0,0.0,0.0,1.0,0.0,0.0,1.0,0.0,0.0,0
-0.31938195907847927,-0.7661706221762292,-0.49831226766291803,-0.4319629564452148,0.5267500231415996,-0.5689165750987485,0.8287754140107481,-0.7480514082626762,1.30864531075132,-0.5624100795491215,0.4584156711285424,0.0,-0.5728423386734577,0.9568314967136413,1.0,0.0,0.0,0.0,1.0,0.0,1.0,0.0,0.0,0.0,1
0.8658799779461003,-0.17928982451941083,0.5617915374288949,-0.4319629564452148,-0.49318558993220046,0.08183046628132684,-1.2065994998097656,-1.0520041702574863,0.44653972142007575,-0.07590394370508866,0.4584156711285424,0.0,1.3241460060094499,-0.14804098383807257,0.0,1.0,1.0,0.0,0.0,0.0,0.0,1.0,0.0,0.0,0
-1.5046438961030588,1.7490327963529924,0.5617915374288949,0.6367453950562796,1.9033058760259998,0.7325775076614022,-1.2065994998097656,-0.14014588427305608,1.30864531075132,1.081815742269525,-2.181426297094443,0.0,0.3756518336679961,1.0826152179897388,0.0,1.0,1.0,0.0,0.0,0.0,0.0,1.0,0.0,0.0,0
0.8658799779461003,-0.514650280323307,-0.49831226766291803,-0.4319629564452148,-0.7583669276611816,-0.5689165750987485,0.8287754140107481,-0.5454162335994696,-0.4155658679111687,-0.5772526396257189,0.4584156711285424,0.0,-0.5728423386734577,-0.847539457902964,1.0,0.0,0.0,0.0,1.0,0.0,1.0,0.0,0.0,0.0,1
0.8658799779461003,-0.17928982451941083,-0.49831226766291803,-0.4319629564452148,-0.7934465597459344,-0.5689165750987485,0.8287754140107481,-0.7480514082626762,-1.277671457242413,-0.07590394370508866,0.4584156711285424,0.0,-0.5728423386734577,-0.8967930835693476,0.0,1.0,0.0,0.0,1.0,0.0,0.0,1.0,0.0,0.0,0
0.8658799779461003,-0.17928982451941083,-0.49831226766291803,-0.4319629564452148,-0.8239462111711284,-0.5689165750987485,0.8287754140107481,-1.1533217575890897,-1.277671457242413,-0.07590394370508866,0.4584156711285424,0.0,-0.5728423386734577,-0.9396161784815837,0.0,1.0,1.0,0.0,0.0,0.0,0.0,1.0,0.0,0.0,0
-0.31938195907847927,0.15607063128448534,-0.49831226766291803,-0.4319629564452148,-0.19387630441136183,-0.5689165750987485,0.8287754140107481,1.6835706876958043,0.44653972142007575,0.3567291963053674,0.4584156711285424,0.0,-0.5728423386734577,-0.054965300267632626,1.0,0.0,0.0,0.0,1.0,0.0,0.0,0.0,1.0,0.0,1
-1.5046438961030588,0.49143108708838157,-0.49831226766291803,-0.4319629564452148,1.9033058760259998,-0.5689165750987485,0.8287754140107481,-0.7480514082626762,1.30864531075132,0.45512987236873675,0.4584156711285424,0.0,-0.5728423386734577,2.8895874196672064,1.0,0.0,1.0,0.0,0.0,0.0,1.0,0.0,0.0,0.0,1
-1.5046438961030588,0.3237508591864335,-0.49831226766291803,-0.4319629564452148,0.11362753191993612,-0.5689165750987485,0.8287754140107481,0.16380687772175398,0.44653972142007575,0.37157175638196505,0.4584156711285424,0.0,-0.5728423386734577,0.37678605929755754,1.0,0.0,1.0,0.0,0.0,0.0,1.0,0.0,0.0,0.0,1
-0.31938195907847927,-0.011609596617462721,0.5617915374288949,-0.4319629564452148,0.03489395830386393,0.08183046628132684,-1.2065994998097656,1.9875234496906145,0.44653972142007575,0.18961296433182404,0.4584156711285424,0.0,1.3241460060094499,0.22268457462918995,1.0,0.0,0.0,0.0,1.0,0.0,0.0,0.0,1.0,0.0,1
0.8658799779461003,0.5752712010393557,-0.49831226766291803,-0.4319629564452148,-0.7200479086563814,-0.5689165750987485,0.8287754140107481,-0.24146347160465945,-0.4155658679111687,1.0521306221163296,0.4584156711285424,0.0,-0.5728423386734577,-0.7937375647301503,0.0,1.0,0.0,0.0,1.0,0.0,0.0,1.0,0.0,0.0,0
-1.5046438961030588,0.6591113149903297,0.5617915374288949,0.6367453950562796,1.9033058760259998,0.7325775076614022,-1.2065994998097656,0.46775963971656404,1.30864531075132,0.5386879883555086,0.4584156711285424,0.0,0.3756518336679961,1.0826152179897388,0.0,1.0,1.0,0.0,0.0,0.0,0.0,1.0,0.0,0.0,0
0.8658799779461003,-0.17928982451941083,-0.49831226766291803,-0.4319629564452148,-0.8001175006067105,-0.5689165750987485,0.8287754140107481,-0.5454162335994696,-1.277671457242413,-0.07590394370508866,0.4584156711285424,0.0,-0.5728423386734577,-0.906159431061403,1.0,0.0,0.0,1.0,0.0,0.0,1.0,0.0,0.0,0.0,1
-1.5046438961030588,1.581352568451044,0.5617915374288949,0.6367453950562796,1.9033058760259998,0.7325775076614022,-1.2065994998097656,3.6086048469962684,1.30864531075132,0.998257626282753,-2.181426297094443,0.0,0.3756518336679961,1.0826152179897388,1.0,0.0,1.0,0.0,0.0,0.0,0.0,0.0,1.0,0.0,1
-1.5046438961030588,2.157753351863991,1.6218953425207079,-0.4319629564452148,1.2006706138586205,0.7325775076614022,-1.2065994998097656,1.886205862359011,1.30864531075132,1.2854886499872809,-2.181426297094443,0.0,3.2211343506923575,0.7537697491130814,1.0,0.0,0.0,0.0,1.0,0.0,0.0,0.0,1.0,0.0,1
-1.5046438961030588,2.0843932521568886,0.5617915374288949,-0.4319629564452148,1.381971047060437,0.08183046628132684,-1.2065994998097656,0.3664420523849607,1.30864531075132,1.248931974243068,-2.181426297094443,0.0,1.3241460060094499,1.1683676780477161,0.0,1.0,1.0,0.0,0.0,0.0,0.0,1.0,0.0,0.0,0
-1.5046438961030588,0.3237508591864335,-0.49831226766291803,-0.4319629564452148,0.06005868720253887,-0.5689165750987485,0.8287754140107481,-0.9506865829258829,0.44653972142007575,0.37157175638196505,0.4584156711285424,0.0,-0.5728423386734577,0.30157261866862584,0.0,1.0,0.0,0.0,1.0,0.0,0.0,1.0,0.0,0.0,0
0.8658799779461003,-0.17928982451941083,-0.49831226766291803,-0.4319629564452148,-0.7863912848437968,-0.5689165750987485,0.8287754140107481,-0.8493689955942796,-0.4155658679111687,-0.07590394370508866,0.4584156711285424,0.0,-0.5728423386734577,-0.8868871111189024,1.0,0.0,0.0,0.0,1.0,0.0,1.0,0.0,0.0,0.0,1
0.8658799779461003,0.910631656843252,0.5617915374288949,5.9802871525637515,0.9911536564535081,3.9863127145617794,-1.2065994998097656,0.26512446505335735,1.30864531075132,1.55347931803696,0.4584156711285424,0.0,-0.30184400371875664,0.35784776768649273,0.0,1.0,0.0,0.0,1.0,0.0,0.0,1.0,0.0,0.0,0
0.8658799779461003,-2.118092459635686,-0.49831226766291803,0.6367453950562796,-0.7269110165378382,0.08183046628132684,-1.2065994998097656,-0.24146347160465945,-0.4155658679111687,-2.9743260919962324,0.4584156711285424,0.0,-0.5728423386734577,-0.31212230377519773,0.0,1.0,0.0,0.0,1.0,1.0,0.0,0.0,0.0,0.0,0
0.8658799779461003,-0.514650280323307,0.5617915374288949,-0.4319629564452148,-0.5187300774669826,0.08183046628132684,-1.2065994998097656,-0.3427810589362628,-0.4155658679111687,-0.5772526396257189,0.4584156711285424,0.0,1.3241460060094499,-0.16597387754456924,0.0,1.0,0.0,0.0,1.0,0.0,0.0,1.0,0.0,0.0,0
0.8658799779461003,-0.17928982451941083,-0.49831226766291803,-0.4319629564452148,-0.7863912848437968,-0.5689165750987485,0.8287754140107481,0.3664420523849607,-0.4155658679111687,-0.07590394370508866,0.4584156711285424,0.0,-0.5728423386734577,-0.8868871111189024,0.0,1.0,0.0,0.0,1.0,0.0,0.0,1.0,0.0,0.0,0
-0.31938195907847927,0.07223051733351128,0.5617915374288949,-0.4319629564452148,-0.5206380214580276,0.08183046628132684,-1.2065994998097656,0.26512446505335735,-0.4155658679111687,0.2731710803185957,0.4584156711285424,0.0,1.3241460060094499,-0.16731330378057302,1.0,0.0,1.0,0.0,0.0,0.0,1.0,0.0,0.0,0.0,1
-1.5046438961030588,0.5752712010393557,-0.49831226766291803,-0.4319629564452148,1.9033058760259998,-0.5689165750987485,0.8287754140107481,-0.03882829694145273,1.30864531075132,0.49690893036212264,0.4584156711285424,0.0,-0.5728423386734577,2.8895874196672064,1.0,0.0,1.0,0.0,0.0,0.0,1.0,0.0,0.0,0.0,1
0.8658799779461003,-0.17928982451941083,-0.49831226766291803,-0.4319629564452148,-0.7987814822724535,-0.5689165750987485,0.8287754140107481,-0.14014588427305608,-1.277671457242413,-0.07590394370508866,0.4584156711285424,0.0,-0.5728423386734577,-0.9042835919203329,1.0,0.0,0.0,1.0,0.0,0.0,1.0,0.0,0.0,0.0,1
-0.31938195907847927,-1.7722519895879179,0.5617915374288949,0.6367453950562796,0.03489395830386393,0.7325775076614022,-1.2065994998097656,-0.14014588427305608,0.44653972142007575,-1.565107471390382,0.4584156711285424,0.0,0.3756518336679961,0.20816608880312829,1.0,0.0,0.0,0.0,1.0,0.0,1.0,0.0,0.0,0.0,1
-0.31938195907847927,-1.7722519895879179,-0.49831226766291803,1.705453746557774,0.3322952998336576,0.7325775076614022,-1.2065994998097656,0.16380687772175398,1.30864531075132,-1.565107471390382,0.4584156711285424,0.0,-0.5728423386734577,0.34735506616563167,0.0,1.0,0.0,0.0,1.0,1.0,0.0,0.0,0.0,0.0,0
0.8658799779461003,0.07223051733351128,-0.49831226766291803,-0.4319629564452148,-0.8056445901539103,-0.5689165750987485,0.8287754140107481,-0.7480514082626762,-1.277671457242413,0.300107578235384,0.4584156711285424,0.0,-0.5728423386734577,-0.9139197518915831,1.0,0.0,0.0,1.0,0.0,0.0,1.0,0.0,0.0,0.0,1
0.8658799779461003,-0.17928982451941083,0.5617915374288949,9.186412207068235,1.9033058760259998,5.938553838702005,-1.2065994998097656,-0.6467338209310729,1.30864531075132,-0.07590394370508866,0.4584156711285424,0.0,-0.3831435042051669,0.42553441737975056,0.0,1.0,0.0,0.0,1.0,0.0,0.0,1.0,0.0,0.0,0
0.8658799779461003,-0.17928982451941083,-0.49831226766291803,-0.4319629564452148,-0.7863912848437968,-0.5689165750987485,0.8287754140107481,-1.1533217575890897,-0.4155658679111687,-0.07590394370508866,0.4584156711285424,0.0,-0.5728423386734577,-0.8868871111189024,0.0,1.0,0.0,0.0,1.0,0.0,0.0,1.0,0.0,0.0,0
-1.5046438961030588,1.0783118847452,-0.49831226766291803,-0.4319629564452148,0.06005868720253887,-0.5689165750987485,0.8287754140107481,-0.3427810589362628,0.44653972142007575,0.7475832783224378,-2.181426297094443,0.0,-0.5728423386734577,0.30157261866862584,0.0,1.0,0.0,0.0,1.0,0.0,0.0,1.0,0.0,0.0,0
-1.5046438961030588,-0.514650280323307,-0.49831226766291803,0.6367453950562796,1.9033058760259998,0.08183046628132684,-1.2065994998097656,0.9743475763745808,1.30864531075132,-0.046218823551893516,0.4584156711285424,0.0,-0.5728423386734577,1.5343582684091057,1.0,0.0,1.0,0.0,0.0,0.0,0.0,0.0,1.0,0.0,1
0.8658799779461003,-0.17928982451941083,-0.49831226766291803,-0.4319629564452148,-0.7934465597459344,-0.5689165750987485,0.8287754140107481,-1.1533217575890897,-1.277671457242413,-0.07590394370508866,0.4584156711285424,0.0,-0.5728423386734577,-0.8967930835693476,0.0,1.0,0.0,0.0,1.0,0.0,0.0,1.0,0.0,0.0,0
0.8658799779461003,-0.7661706221762292,-0.49831226766291803,-0.4319629564452148,-0.824138378191809,-0.5689165750987485,0.8287754140107481,-0.8493689955942796,-1.277671457242413,-0.9532641615661918,0.4584156711285424,0.0,-0.5728423386734577,-0.9398859909607786,0.0,1.0,1.0,0.0,0.0,0.0,0.0,1.0,0.0,0.0,0
0.8658799779461003,-0.2631299384703849,-0.49831226766291803,-0.4319629564452148,-0.7989736492931344,-0.5689165750987485,0.8287754140107481,1.0756651637061843,-1.277671457242413,-0.20124111768524627,0.4584156711285424,0.0,-0.5728423386734577,-0.904553404399528,0.0,1.0,0.0,0.0,1.0,0.0,0.0,1.0,0.0,0.0,0
-1.5046438961030588,2.157753351863991,0.5617915374288949,-0.4319629564452148,1.9033058760259998,0.08183046628132684,-1.2065994998097656,-0.9506865829258829,1.30864531075132,1.2854886499872809,-2.181426297094443,0.0,1.3241460060094499,1.5343582684091057,0.0,1.0,0.0,0.0,1.0,0.0,0.0,1.0,0.0,0.0,0
-0.31938195907847927,0.5752712010393557,-0.49831226766291803,-0.4319629564452148,-0.5599087247557233,-0.5689165750987485,0.8287754140107481,0.6703948143797708,-0.4155658679111687,0.7745197762392261,0.4584156711285424,0.0,-0.5728423386734577,-0.5688938320676449,0.0,1.0,0.0,0.0,1.0,0.0,0.0,1.0,0.0,0.0,0
-0.31938195907847927,-0.011609596617462721,-0.49831226766291803,1.705453746557774,-0.10236819932527144,0.7325775076614022,-1.2065994998097656,2.190158624353821,0.44653972142007575,0.18961296433182404,0.4584156711285424,0.0,-0.5728423386734577,0.14392502232812684,1.0,0.0,0.0,0.0,1.0,0.0,0.0,0.0,1.0,0.0,1
0.8658799779461003,-0.9338508500781773,1.6218953425207079,1.705453746557774,0.41808414835186736,2.034071590421553,-1.2065994998097656,-0.44409864626786616,1.30864531075132,-1.203938509526507,0.4584156711285424,0.0,0.691816557781814,0.30415508648790657,0.0,1.0,0.0,0.0,1.0,0.0,0.0,1.0,0.0,0.0,0
0.8658799779461003,-1.3530514198330477,-0.49831226766291803,1.705453746557774,-0.22819184381864568,0.7325775076614022,-1.2065994998097656,0.16380687772175398,0.44653972142007575,-1.8306243794272952,0.4584156711285424,0.0,-0.5728423386734577,0.08503737805937545,0.0,1.0,0.0,0.0,1.0,1.0,0.0,0.0,0.0,0.0,0
-1.5046438961030588,-0.6823305082252551,-0.49831226766291803,-0.4319629564452148,0.06005868720253887,-0.5689165750987485,0.8287754140107481,-0.3427810589362628,0.44653972142007575,-0.12977693953866526,0.4584156711285424,0.0,-0.5728423386734577,0.30157261866862584,1.0,0.0,0.0,0.0,1.0,0.0,1.0,0.0,0.0,0.0,1
-0.31938195907847927,-0.9338508500781773,0.5617915374288949,0.6367453950562796,-0.5599087247557233,0.7325775076614022,-1.2065994998097656,-0.6467338209310729,-0.4155658679111687,-0.7295263115226649,0.4584156711285424,0.0,0.3756518336679961,-0.07021186592187827,1.0,0.0,0.0,0.0,1.0,0.0,1.0,0.0,0.0,0.0,1
-0.31938195907847927,-0.6823305082252551,-0.49831226766291803,-0.4319629564452148,-0.5599087247557233,-0.5689165750987485,0.8287754140107481,-0.8493689955942796,-0.4155658679111687,-0.47885196356234977,0.4584156711285424,0.0,-0.5728423386734577,-0.5688938320676449,0.0,1.0,0.0,0.0,1.0,0.0,0.0,1.0,0.0,0.0,0
-1.5046438961030588,-0.17928982451941083,0.5617915374288949,0.6367453950562796,1.9033058760259998,0.7325775076614022,-1.2065994998097656,2.494111386348631,1.30864531075132,0.12089740842164991,0.4584156711285424,0.0,0.3756518336679961,1.0826152179897388,1.0,0.0,1.0,0.0,0.0,0.0,0.0,0.0,1.0,0.0,1
-0.31938195907847927,-2.118092459635686,0.5617915374288949,0.6367453950562796,-0.10236819932527144,0.7325775076614022,-1.2065994998097656,-0.03882829694145273,0.44653972142007575,-1.9097846998358154,0.4584156711285424,0.0,0.3756518336679961,0.14392502232812684,0.0,1.0,0.0,0.0,1.0,1.0,0.0,0.0,0.0,0.0,0
-0.31938195907847927,-0.9338508500781773,-0.49831226766291803,-0.4319629564452148,-0.6742938561133363,-0.5689165750987485,0.8287754140107481,0.16380687772175398,-0.4155658679111687,-0.7295263115226649,0.4584156711285424,0.0,-0.5728423386734577,-0.7294964982551487,0.0,1.0,0.0,0.0,1.0,0.0,0.0,1.0,0.0,0.0,0
0.8658799779461003,-0.17928982451941083,-0.49831226766291803,-0.4319629564452148,-0.8344330400139943,-0.5689165750987485,0.8287754140107481,-0.9506865829258829,-1.277671457242413,-0.07590394370508866,0.4584156711285424,0.0,-0.5728423386734577,-0.9543402309176541,0.0,1.0,0.0,0.0,1.0,0.0,0.0,1.0,0.0,0.0,0
0.8658799779461003,-0.011609596617462721,2.6819991476125207,0.6367453950562796,-0.1469784005547406,2.034071590421553,-1.2065994998097656,-0.3427810589362628,0.44653972142007575,0.17477040425522647,0.4584156711285424,0.0,2.2726401783509034,0.1454796522946528,0.0,1.0,0.0,0.0,1.0,0.0,0.0,1.0,0.0,0.0,0
0.8658799779461003,-0.5984903942742811,-0.49831226766291803,-0.4319629564452148,-0.7863912848437968,-0.5689165750987485,0.8287754140107481,-1.1533217575890897,-0.4155658679111687,-0.7025898136058766,0.4584156711285424,0.0,-0.5728423386734577,-0.8868871111189024,0.0,1.0,0.0,0.0,1.0,0.0,0.0,1.0,0.0,0.0,0
0.8658799779461003,-0.17928982451941083,-0.49831226766291803,-0.4319629564452148,-0.8092683111153195,-0.5689165750987485,0.8287754140107481,-0.14014588427305608,-1.277671457242413,-0.07590394370508866,0.4584156711285424,0.0,-0.5728423386734577,-0.9190076443564033,0.0,1.0,0.0,0.0,1.0,0.0,0.0,1.0,0.0,0.0,0
-1.5046438961030588,-0.17928982451941083,0.5617915374288949,1.705453746557774,1.2244993244230384,1.3833245490414776,-1.2065994998097656,0.8730299890429775,1.30864531075132,0.12089740842164991,0.4584156711285424,0.0,0.05948710955417813,0.6184737779776075,1.0,0.0,0.0,0.0,1.0,0.0,0.0,0.0,1.0,0.0,1
-1.5046438961030588,2.157753351863991,0.5617915374288949,3.842870449560763,1.9033058760259998,2.6848186318016287,-1.2065994998097656,0.7717124017113741,1.30864531075132,1.2854886499872809,-2.181426297094443,0.0,-0.19344466973687616,0.6308721675703719,1.0,0.0,0.0,0.0,1.0,0.0,0.0,0.0,1.0,0.0,1
0.8658799779461003,-0.17928982451941083,-0.49831226766291803,-0.4319629564452148,-0.8001175006067105,-0.5689165750987485,0.8287754140107481,0.5690772270481674,-1.277671457242413,-0.07590394370508866,0.4584156711285424,0.0,-0.5728423386734577,-0.906159431061403,1.0,0.0,0.0,1.0,0.0,0.0,1.0,0.0,0.0,0.0,1
0.8658799779461003,-0.09544971056843672,-0.49831226766291803,-0.4319629564452148,-0.822994526878233,-0.5689165750987485,0.8287754140107481,-0.44409864626786616,-1.277671457242413,0.049433230275068955,0.4584156711285424,0.0,-0.5728423386734577,-0.9382799642989037,0.0,1.0,0.0,0.0,1.0,0.0,0.0,1.0,0.0,0.0,0
-1.5046438961030588,2.157753351863991,0.5617915374288949,-0.4319629564452148,1.9033058760259998,0.08183046628132684,-1.2065994998097656,2.696746561011838,1.30864531075132,1.2854886499872809,-2.181426297094443,0.0,1.3241460060094499,1.5343582684091057,1.0,0.0,0.0,0.0,1.0,0.0,0.0,0.0,1.0,0.0,1
-0.31938195907847927,-0.09544971056843672,-0.49831226766291803,-0.4319629564452148,0.03489395830386393,-0.5689165750987485,0.8287754140107481,-0.14014588427305608,0.44653972142007575,0.10605484834505237,0.4584156711285424,0.0,-0.5728423386734577,0.26624003210737485,0.0,1.0,0.0,0.0,1.0,0.0,0.0,1.0,0.0,0.0,0
-1.5046438961030588,1.329832226598122,-0.49831226766291803,-0.4319629564452148,1.9033058760259998,-0.5689165750987485,0.8287754140107481,-0.3427810589362628,1.30864531075132,0.8729204523025953,-2.181426297094443,0.0,-0.5728423386734577,2.8895874196672064,1.0,0.0,1.0,0.0,0.0,0.0,1.0,0.0,0.0,0.0,1
0.8658799779461003,-0.011609596617462721,-0.49831226766291803,-0.4319629564452148,-0.7921105414116775,-0.5689165750987485,0.8287754140107481,-0.24146347160465945,-0.4155658679111687,0.17477040425522647,0.4584156711285424,0.0,-0.5728423386734577,-0.8949172444282777,0.0,1.0,0.0,0.0,1.0,0.0,0.0,1.0,0.0,0.0,0
0.8658799779461003,-0.5984903942742811,-0.49831226766291803,-0.4319629564452148,-0.7989736492931344,-0.5689165750987485,0.8287754140107481,0.26512446505335735,-1.277671457242413,-0.7025898136058766,0.4584156711285424,0.0,-0.5728423386734577,-0.904553404399528,0.0,1.0,0.0,0.0,1.0,0.0,0.0,1.0,0.0,0.0,0
-1.5046438961030588,0.15607063128448534,-0.49831226766291803,-0.4319629564452148,0.1509948666318411,-0.5689165750987485,0.8287754140107481,0.3664420523849607,0.44653972142007575,0.2880136403951934,0.4584156711285424,0.0,-0.5728423386734577,0.4292517382876913,0.0,1.0,1.0,0.0,0.0,0.0,0.0,1.0,0.0,0.0,0
-1.5046438961030588,-0.6823305082252551,-0.49831226766291803,0.6367453950562796,1.6536357340347676,0.08183046628132684,-1.2065994998097656,0.3664420523849607,1.30864531075132,-0.12977693953866526,0.4584156711285424,0.0,-0.5728423386734577,1.359083344145377,0.0,1.0,1.0,0.0,0.0,0.0,0.0,1.0,0.0,0.0,0
0.8658799779461003,-0.6823305082252551,-0.49831226766291803,-0.4319629564452148,-0.7583669276611816,-0.5689165750987485,0.8287754140107481,-0.9506865829258829,-0.4155658679111687,-0.8279269875860341,0.4584156711285424,0.0,-0.5728423386734577,-0.847539457902964,1.0,0.0,0.0,0.0,1.0,0.0,1.0,0.0,0.0,0.0,1
-1.5046438961030588,1.0783118847452,-0.49831226766291803,-0.4319629564452148,0.06005868720253887,-0.5689165750987485,0.8287754140107481,2.5954289736802347,0.44653972142007575,0.7475832783224378,-2.181426297094443,0.0,-0.5728423386734577,0.30157261866862584,0.0,1.0,0.0,0.0,1.0,0.0,0.0,1.0,0.0,0.0,0
-1.5046438961030588,0.49143108708838157,0.5617915374288949,-0.4319629564452148,1.4875851265455482,0.08183046628132684,-1.2065994998097656,0.3664420523849607,1.30864531075132,0.45512987236873675,0.4584156711285424,0.0,1.3241460060094499,1.2425115049198392,1.0,0.0,1.0,0.0,0.0,0.0,0.0,0.0,1.0,0.0,1
0.8658799779461003,-0.6823305082252551,-0.49831226766291803,-0.4319629564452148,-0.798021965000239,-0.5689165750987485,0.8287754140107481,0.16380687772175398,-1.277671457242413,-0.8279269875860341,0.4584156711285424,0.0,-0.5728423386734577,-0.903217190216848,0.0,1.0,0.0,0.0,1.0,0.0,0.0,1.0,0.0,0.0,0
-1.5046438961030588,1.4975124545000702,0.5617915374288949,-0.4319629564452148,1.9033058760259998,0.08183046628132684,-1.2065994998097656,-0.5454162335994696,1.30864531075132,0.9564785682893671,-2.181426297094443,0.0,1.3241460060094499,1.5343582684091057,0.0,1.0,1.0,0.0,0.0,0.0,0.0,0.0,0.0,1.0,0
-1.5046438961030588,-0.9338508500781773,0.5617915374288949,-0.4319629564452148,1.274828782220388,0.08183046628132684,-1.2065994998097656,3.507287259664665,1.30864531075132,-0.2551141135188228,0.4584156711285424,0.0,1.3241460060094499,1.0931510253654606,1.0,0.0,0.0,0.0,1.0,0.0,0.0,0.0,1.0,0.0,1
-1.5046438961030588,1.4975124545000702,-0.49831226766291803,-0.4319629564452148,0.7852604200098048,-0.5689165750987485,0.8287754140107481,0.26512446505335735,1.30864531075132,0.9564785682893671,-2.181426297094443,0.0,-0.5728423386734577,1.3197935222974,0.0,1.0,0.0,0.0,1.0,0.0,0.0,1.0,0.0,0.0,0
0.8658799779461003,-0.3469700524213589,-0.49831226766291803,-0.4319629564452148,-0.7934465597459344,-0.5689165750987485,0.8287754140107481,-0.9506865829258829,-1.277671457242413,-0.3265782916654038,0.4584156711285424,0.0,-0.5728423386734577,-0.8967930835693476,0.0,1.0,0.0,0.0,1.0,0.0,0.0,1.0,0.0,0.0,0
0.8658799779461003,-0.43081016637233305,-0.49831226766291803,-0.4319629564452148,-0.7280548678514144,-0.5689165750987485,0.8287754140107481,-0.3427810589362628,-0.4155658679111687,-0.45191546564556145,0.4584156711285424,0.0,-0.5728423386734577,-0.8049797513632756,0.0,1.0,0.0,0.0,1.0,0.0,0.0,1.0,0.0,0.0,0
-1.5046438961030588,1.581352568451044,0.5617915374288949,-0.4319629564452148,1.9033058760259998,0.08183046628132684,-1.2065994998097656,1.582253100364201,1.30864531075132,0.998257626282753,-2.181426297094443,0.0,1.3241460060094499,1.5343582684091057,1.0,0.0,1.0,0.0,0.0,0.0,0.0,0.0,1.0,0.0,1
0.8658799779461003,-0.17928982451941083,0.5617915374288949,1.705453746557774,-0.08177887568090111,1.3833245490414776,-1.2065994998097656,1.3796179257009942,0.44653972142007575,-0.07590394370508866,0.4584156711285424,0.0,0.05948710955417813,0.15995316601228407,0.0,1.0,0.0,0.0,1.0,1.0,0.0,0.0,0.0,0.0,0
0.8658799779461003,-0.8500107361272031,0.5617915374288949,0.6367453950562796,-0.4344648388984563,0.7325775076614022,-1.2065994998097656,0.9743475763745808,0.44653972142007575,-1.0786013355463495,0.4584156711285424,0.0,0.3756518336679961,-0.011501955270374379,1.0,0.0,1.0,0.0,0.0,0.0,0.0,0.0,1.0,0.0,1
-1.5046438961030588,1.7490327963529924,0.5617915374288949,0.6367453950562796,1.9033058760259998,0.7325775076614022,-1.2065994998097656,1.6835706876958043,1.30864531075132,1.081815742269525,-2.181426297094443,0.0,0.3756518336679961,1.0826152179897388,1.0,0.0,1.0,0.0,0.0,0.0,0.0,0.0,1.0,0.0,1
0.8658799779461003,-1.0176909640291514,-0.49831226766291803,0.6367453950562796,-0.4180711618722831,0.08183046628132684,-1.2065994998097656,-0.3427810589362628,0.44653972142007575,-1.3292756835066644,0.4584156711285424,0.0,-0.5728423386734577,-0.09530870442206753,1.0,0.0,0.0,0.0,1.0,0.0,1.0,0.0,0.0,0.0,1
-1.5046438961030588,-0.17928982451941083,-0.49831226766291803,-0.4319629564452148,1.2182081421983695,-0.5689165750987485,0.8287754140107481,-0.03882829694145273,1.30864531075132,0.12089740842164991,0.4584156711285424,0.0,-0.5728423386734577,1.9276746138171017,0.0,1.0,0.0,0.0,1.0,0.0,0.0,1.0,0.0,0.0,0
-0.31938195907847927,-0.2631299384703849,-0.49831226766291803,-0.4319629564452148,-0.5599087247557233,-0.5689165750987485,0.8287754140107481,-0.9506865829258829,-0.4155658679111687,-0.06106138362849114,0.4584156711285424,0.0,-0.5728423386734577,-0.5688938320676449,0.0,1.0,0.0,0.0,1.0,0.0,0.0,1.0,0.0,0.0,0
0.8658799779461003,-0.17928982451941083,-0.49831226766291803,-0.4319629564452148,-0.7942060770181489,-0.5689165750987485,0.8287754140107481,-0.9506865829258829,-1.277671457242413,-0.07590394370508866,0.4584156711285424,0.0,-0.5728423386734577,-0.8978594852728328,1.0,0.0,0.0,1.0,0.0,0.0,1.0,0.0,0.0,0.0,1
-0.31938195907847927,-0.9338508500781773,-0.49831226766291803,-0.4319629564452148,1.9033058760259998,-0.5689165750987485,0.8287754140107481,-0.8493689955942796,1.30864531075132,-0.7295263115226649,0.4584156711285424,0.0,-0.5728423386734577,2.8895874196672064,0.0,1.0,0.0,0.0,1.0,0.0,0.0,1.0,0.0,0.0,0
0.8658799779461003,0.9525517138187389,-0.49831226766291803,-0.4319629564452148,-0.46382521441532837,-0.5689165750987485,0.8287754140107481,-0.24146347160465945,0.44653972142007575,1.6161479050270386,0.4584156711285424,0.0,-0.5728423386734577,-0.43398759247014174,0.0,1.0,0.0,0.0,1.0,0.0,0.0,1.0,0.0,0.0,0
-0.31938195907847927,1.6651926824020182,0.5617915374288949,1.705453746557774,1.8193020074826254,1.3833245490414776,-1.2065994998097656,-0.9506865829258829,1.30864531075132,1.8607752840672585,-2.181426297094443,0.0,0.05948710955417813,0.8272572440213622,0.0,1.0,0.0,0.0,1.0,0.0,0.0,1.0,0.0,0.0,0
-0.31938195907847927,1.0783118847452,0.5617915374288949,0.6367453950562796,0.3322952998336576,0.7325775076614022,-1.2065994998097656,-0.5454162335994696,1.30864531075132,1.2758684721598563,-2.181426297094443,0.0,0.3756518336679961,0.34735506616563167,0.0,1.0,0.0,0.0,1.0,0.0,0.0,1.0,0.0,0.0,0
-1.5046438961030588,1.329832226598122,-0.49831226766291803,0.6367453950562796,1.5630793132415726,0.08183046628132684,-1.2065994998097656,1.1769827510377875,1.30864531075132,0.8729204523025953,-2.181426297094443,0.0,-0.5728423386734577,1.2955103847617153,1.0,0.0,1.0,0.0,0.0,0.0,0.0,0.0,1.0,0.0,1
0.8658799779461003,-0.17928982451941083,-0.49831226766291803,-0.4319629564452148,-0.7953499283317251,-0.5689165750987485,0.8287754140107481,-0.24146347160465945,-1.277671457242413,-0.07590394370508866,0.4584156711285424,0.0,-0.5728423386734577,-0.8994655119347078,0.0,1.0,0.0,0.0,1.0,0.0,0.0,1.0,0.0,0.0,0
0.8658799779461003,-0.17928982451941083,-0.49831226766291803,-0.4319629564452148,-0.8001175006067105,-0.5689165750987485,0.8287754140107481,-1.0520041702574863,-1.277671457242413,-0.07590394370508866,0.4584156711285424,0.0,-0.5728423386734577,-0.906159431061403,0.0,1.0,0.0,1.0,0.0,0.0,0.0,1.0,0.0,0.0,0
0.8658799779461003,-0.011609596617462721,-0.49831226766291803,-0.4319629564452148,-0.7953499283317251,-0.5689165750987485,0.8287754140107481,-0.8493689955942796,-1.277671457242413,0.17477040425522647,0.4584156711285424,0.0,-0.5728423386734577,-0.8994655119347078,0.0,1.0,0.0,0.0,1.0,0.0,0.0,1.0,0.0,0.0,0
-1.5046438961030588,0.07223051733351128,-0.49831226766291803,-0.4319629564452148,0.9270979828932449,-0.5689165750987485,0.8287754140107481,-0.14014588427305608,1.30864531075132,0.24623458240180748,0.4584156711285424,0.0,-0.5728423386734577,1.5189408283699046,0.0,1.0,0.0,0.0,1.0,0.0,0.0,1.0,0.0,0.0,0
-1.5046438961030588,0.8267915428922779,0.5617915374288949,-0.4319629564452148,1.9033058760259998,0.08183046628132684,-1.2065994998097656,-0.24146347160465945,1.30864531075132,0.6222461043422802,0.4584156711285424,0.0,1.3241460060094499,1.5343582684091057,0.0,1.0,1.0,0.0,0.0,0.0,0.0,1.0,0.0,0.0,0
0.8658799779461003,-0.17928982451941083,1.6218953425207079,-0.4319629564452148,-0.16280015192412545,0.7325775076614022,-1.2065994998097656,-1.0520041702574863,0.44653972142007575,-0.07590394370508866,0.4584156711285424,0.0,3.2211343506923575,0.11564182212806619,0.0,1.0,1.0,0.0,0.0,0.0,0.0,1.0,0.0,0.0,0
0.8658799779461003,-0.43081016637233305,-0.49831226766291803,-0.4319629564452148,-0.7863912848437968,-0.5689165750987485,0.8287754140107481,-0.7480514082626762,-0.4155658679111687,-0.45191546564556145,0.4584156711285424,0.0,-0.5728423386734577,-0.8868871111189024,0.0,1.0,0.0,0.0,1.0,0.0,0.0,1.0,0.0,0.0,0
0.8658799779461003,-0.3469700524213589,-0.49831226766291803,-0.4319629564452148,-0.7200479086563814,-0.5689165750987485,0.8287754140107481,-1.254639344920693,-0.4155658679111687,-0.3265782916654038,0.4584156711285424,0.0,-0.5728423386734577,-0.7937375647301503,0.0,1.0,0.0,0.0,1.0,0.0,0.0,1.0,0.0,0.0,0
-1.5046438961030588,1.413672340549096,-0.49831226766291803,-0.4319629564452148,0.03489395830386393,-0.5689165750987485,0.8287754140107481,-0.14014588427305608,0.44653972142007575,0.9146995102959812,-2.181426297094443,0.0,-0.5728423386734577,0.26624003210737485,0.0,1.0,0.0,0.0,1.0,0.0,0.0,1.0,0.0,0.0,0
0.8658799779461003,-2.118092459635686,0.5617915374288949,0.6367453950562796,-0.22990762078900995,0.7325775076614022,-1.2065994998097656,-0.03882829694145273,0.44653972142007575,-2.9743260919962324,0.4584156711285424,0.0,0.3756518336679961,0.08423436472843789,1.0,0.0,0.0,0.0,1.0,0.0,1.0,0.0,0.0,0.0,1
-0.31938195907847927,0.910631656843252,-0.49831226766291803,-0.4319629564452148,-0.4226465671265877,-0.5689165750987485,0.8287754140107481,-0.24146347160465945,0.44653972142007575,1.108752240186313,0.4584156711285424,0.0,-0.5728423386734577,-0.3761706326426404,0.0,1.0,0.0,0.0,1.0,0.0,0.0,1.0,0.0,0.0,0
0.8658799779461003,-0.17928982451941083,0.5617915374288949,-0.4319629564452148,-0.493373181547627,0.08183046628132684,-1.2065994998097656,1.3796179257009942,-0.4155658679111687,-0.07590394370508866,0.4584156711285424,0.0,1.3241460060094499,-0.1481726780243463,1.0,0.0,1.0,0.0,0.0,0.0,0.0,0.0,1.0,0.0,1
-1.5046438961030588,0.5752712010393557,-0.49831226766291803,-0.4319629564452148,0.29474037350632626,-0.5689165750987485,0.8287754140107481,-0.3427810589362628,1.30864531075132,0.49690893036212264,0.4584156711285424,0.0,-0.5728423386734577,0.6310778968322037,1.0,0.0,1.0,0.0,0.0,0.0,1.0,0.0,0.0,0.0,1
-1.5046438961030588,2.157753351863991,-0.49831226766291803,1.705453746557774,1.9033058760259998,0.7325775076614022,-1.2065994998097656,2.5954289736802347,1.30864531075132,1.2854886499872809,-2.181426297094443,0.0,-0.5728423386734577,1.0826152179897388,1.0,0.0,1.0,0.0,0.0,0.0,0.0,0.0,1.0,0.0,1
-0.31938195907847927,-2.118092459635686,0.5617915374288949,1.705453746557774,0.7477054936824734,1.3833245490414776,-1.2065994998097656,-0.6467338209310729,1.30864531075132,-1.9097846998358154,0.4584156711285424,0.0,0.05948710955417813,0.4511129515969335,1.0,0.0,1.0,0.0,0.0,0.0,1.0,0.0,0.0,0.0,1
-1.5046438961030588,2.157753351863991,0.5617915374288949,0.6367453950562796,0.06005868720253887,0.7325775076614022,-1.2065994998097656,3.1020169103382513,0.44653972142007575,1.2854886499872809,-2.181426297094443,0.0,0.3756518336679961,0.21994361765687861,1.0,0.0,0.0,0.0,1.0,0.0,0.0,0.0,1.0,0.0,1
0.8658799779461003,-1.6884118756369437,0.5617915374288949,0.6367453950562796,-0.4571542735545524,0.7325775076614022,-1.2065994998097656,-0.14014588427305608,0.44653972142007575,-2.331973075347925,0.4584156711285424,0.0,0.3756518336679961,-0.02212100355869215,1.0,0.0,1.0,0.0,0.0,0.0,1.0,0.0,0.0,0.0,1
0.8658799779461003,-0.17928982451941083,-0.49831226766291803,-0.4319629564452148,-0.824138378191809,-0.5689165750987485,0.8287754140107481,-0.6467338209310729,-1.277671457242413,-0.07590394370508866,0.4584156711285424,0.0,-0.5728423386734577,-0.9398859909607786,0.0,1.0,1.0,0.0,0.0,0.0,0.0,1.0,0.0,0.0,0
0.8658799779461003,-2.118092459635686,0.5617915374288949,0.6367453950562796,-0.3906187303464561,0.7325775076614022,-1.2065994998097656,0.3664420523849607,0.44653972142007575,-2.9743260919962324,0.4584156711285424,0.0,0.3756518336679961,0.009018782730623566,1.0,0.0,0.0,0.0,1.0,0.0,1.0,0.0,0.0,0.0,1
-1.5046438961030588,-0.9338508500781773,0.5617915374288949,-0.4319629564452148,1.5905317447673997,0.08183046628132684,-1.2065994998097656,1.886205862359011,1.30864531075132,-0.2551141135188228,0.4584156711285424,0.0,1.3241460060094499,1.3147827047042158,1.0,0.0,0.0,0.0,1.0,0.0,0.0,0.0,1.0,0.0,1
0.8658799779461003,0.07223051733351128,-0.49831226766291803,-0.4319629564452148,-0.8367207426411466,-0.5689165750987485,0.8287754140107481,1.0756651637061843,-1.277671457242413,0.300107578235384,0.4584156711285424,0.0,-0.5728423386734577,-0.9575522842414042,1.0,0.0,0.0,1.0,0.0,0.0,1.0,0.0,0.0,0.0,1
-1.5046438961030588,-0.5984903942742811,-0.49831226766291803,0.6367453950562796,1.5630793132415726,0.08183046628132684,-1.2065994998097656,0.26512446505335735,1.30864531075132,-0.08799788154527939,0.4584156711285424,0.0,-0.5728423386734577,1.2955103847617153,1.0,0.0,1.0,0.0,0.0,0.0,1.0,0.0,0.0,0.0,1
-0.31938195907847927,1.162151998696174,-0.49831226766291803,0.6367453950562796,-0.19387630441136183,0.08183046628132684,-1.2065994998097656,-0.03882829694145273,0.44653972142007575,1.359426588146628,-2.181426297094443,0.0,-0.5728423386734577,0.0620819084416862,0.0,1.0,0.0,0.0,1.0,0.0,0.0,1.0,0.0,0.0,0
0.8658799779461003,-0.17928982451941083,-0.49831226766291803,-0.4319629564452148,-0.7942060770181489,-0.5689165750987485,0.8287754140107481,-0.7480514082626762,-1.277671457242413,-0.07590394370508866,0.4584156711285424,0.0,-0.5728423386734577,-0.8978594852728328,0.0,1.0,0.0,1.0,0.0,0.0,0.0,1.0,0.0,0.0,0
0.8658799779461003,-2.0237723314408393,3.7421029527043337,1.705453746557774,0.2813939163795198,3.335565673181704,-1.2065994998097656,-0.03882829694145273,0.44653972142007575,-2.833321771268554,0.4584156711285424,0.0,1.9564754542370855,0.24101621152106797,0.0,1.0,0.0,0.0,1.0,1.0,0.0,0.0,0.0,0.0,0
-1.5046438961030588,1.329832226598122,-0.49831226766291803,0.6367453950562796,1.7441875794227084,0.08183046628132684,-1.2065994998097656,1.6835706876958043,1.30864531075132,0.8729204523025953,-2.181426297094443,0.0,-0.5728423386734577,1.422653091475715,1.0,0.0,1.0,0.0,0.0,0.0,0.0,0.0,1.0,0.0,1
-0.31938195907847927,0.9944717707942258,-0.49831226766291803,-0.4319629564452148,-0.5599087247557233,-0.5689165750987485,0.8287754140107481,0.16380687772175398,-0.4155658679111687,1.1923103561730846,0.4584156711285424,0.0,-0.5728423386734577,-0.5688938320676449,0.0,1.0,0.0,0.0,1.0,0.0,0.0,0.0,0.0,1.0,0
-0.31938195907847927,0.15607063128448534,-0.49831226766291803,-0.4319629564452148,-0.19387630441136183,-0.5689165750987485,0.8287754140107481,-0.5454162335994696,0.44653972142007575,0.3567291963053674,0.4584156711285424,0.0,-0.5728423386734577,-0.054965300267632626,1.0,0.0,0.0,0.0,1.0,0.0,1.0,0.0,0.0,0.0,1
0.8658799779461003,-0.22120988149489776,-0.49831226766291803,-0.4319629564452148,-0.824138378191809,-0.5689165750987485,0.8287754140107481,-0.24146347160465945,-1.277671457242413,-0.13857253069516737,0.4584156711285424,0.0,-0.5728423386734577,-0.9398859909607786,0.0,1.0,1.0,0.0,0.0,0.0,0.0,1.0,0.0,0.0,0
0.8658799779461003,-1.3530514198330477,3.7421029527043337,1.705453746557774,0.2813939163795198,3.335565673181704,-1.2065994998097656,0.06248929039015063,0.44653972142007575,-1.8306243794272952,0.4584156711285424,0.0,1.9564754542370855,0.24101621152106797,0.0,1.0,0.0,0.0,1.0,1.0,0.0,0.0,0.0,0.0,0
0.8658799779461003,-0.17928982451941083,-0.49831226766291803,-0.4319629564452148,-0.7835316565598566,-0.5689165750987485,0.8287754140107481,1.1769827510377875,-0.4155658679111687,-0.07590394370508866,0.4584156711285424,0.0,-0.5728423386734577,-0.8828720444642149,1.0,0.0,0.0,0.0,1.0,0.0,0.0,0.0,1.0,0.0,1
0.8658799779461003,-0.9338508500781773,-0.49831226766291803,-0.4319629564452148,-0.7989736492931344,-0.5689165750987485,0.8287754140107481,-0.03882829694145273,-1.277671457242413,-1.203938509526507,0.4584156711285424,0.0,-0.5728423386734577,-0.904553404399528,1.0,0.0,0.0,0.0,1.0,0.0,1.0,0.0,0.0,0.0,1
0.8658799779461003,-0.17928982451941083,-0.49831226766291803,-0.4319629564452148,-0.8001175006067105,-0.5689165750987485,0.8287754140107481,-0.5454162335994696,-1.277671457242413,-0.07590394370508866,0.4584156711285424,0.0,-0.5728423386734577,-0.906159431061403,1.0,0.0,0.0,1.0,0.0,0.0,1.0,0.0,0.0,0.0,1
-0.31938195907847927,2.157753351863991,-0.49831226766291803,-0.4319629564452148,-0.7114690238045605,-0.5689165750987485,0.8287754140107481,-0.24146347160465945,-0.4155658679111687,2.3516792154895425,-2.181426297094443,0.0,-0.5728423386734577,-0.7816923647660875,0.0,1.0,0.0,1.0,0.0,0.0,0.0,1.0,0.0,0.0,0
0.8658799779461003,-0.6823305082252551,0.5617915374288949,-0.4319629564452148,-0.8575022333061978,0.08183046628132684,-1.2065994998097656,-0.44409864626786616,-1.277671457242413,-0.8279269875860341,0.4584156711285424,0.0,1.3241460060094499,-0.4038007297416724,0.0,1.0,0.0,0.0,1.0,0.0,0.0,1.0,0.0,0.0,0
0.8658799779461003,-0.9338508500781773,0.5617915374288949,-0.4319629564452148,-0.493373181547627,0.08183046628132684,-1.2065994998097656,-0.03882829694145273,-0.4155658679111687,-1.203938509526507,0.4584156711285424,0.0,1.3241460060094499,-0.1481726780243463,0.0,1.0,1.0,0.0,0.0,0.0,0.0,1.0,0.0,0.0,0
-0.31938195907847927,-1.4368915337840218,-0.49831226766291803,-0.4319629564452148,-0.43408508026234893,-0.5689165750987485,0.8287754140107481,-0.7480514082626762,0.44653972142007575,-1.2308750074432953,0.4584156711285424,0.0,-0.5728423386734577,-0.39223089926139065,1.0,0.0,0.0,0.0,1.0,0.0,1.0,0.0,0.0,0.0,1
-1.5046438961030588,2.0005531382059143,-0.49831226766291803,-0.4319629564452148,0.10104516747059863,-0.5689165750987485,0.8287754140107481,2.0888410370222177,0.44653972142007575,1.2071529162496821,-2.181426297094443,0.0,-0.5728423386734577,0.359119766016932,1.0,0.0,1.0,0.0,0.0,0.0,0.0,0.0,1.0,0.0,1
-0.31938195907847927,-0.3469700524213589,-0.49831226766291803,-0.4319629564452148,0.2865412472906124,-0.5689165750987485,0.8287754140107481,-0.7480514082626762,1.30864531075132,-0.14461949961526283,0.4584156711285424,0.0,-0.5728423386734577,0.6195658977198832,0.0,1.0,0.0,0.0,1.0,0.0,0.0,1.0,0.0,0.0,0
0.8658799779461003,-2.118092459635686,0.5617915374288949,0.6367453950562796,-0.5244493340348633,0.7325775076614022,-1.2065994998097656,0.26512446505335735,-0.4155658679111687,-2.9743260919962324,0.4584156711285424,0.0,0.3756518336679961,-0.053616257082502866,0.0,1.0,0.0,0.0,1.0,1.0,0.0,0.0,0.0,0.0,0
0.8658799779461003,-0.17928982451941083,1.6218953425207079,-0.4319629564452148,-0.09092968618951022,0.7325775076614022,-1.2065994998097656,-0.8493689955942796,0.44653972142007575,-0.07590394370508866,0.4584156711285424,0.0,3.2211343506923575,0.14927844453437694,1.0,0.0,0.0,1.0,0.0,0.0,1.0,0.0,0.0,0.0,1
-0.31938195907847927,-0.2631299384703849,-0.49831226766291803,-0.4319629564452148,-0.5599087247557233,-0.5689165750987485,0.8287754140107481,-0.14014588427305608,-0.4155658679111687,-0.06106138362849114,0.4584156711285424,0.0,-0.5728423386734577,-0.5688938320676449,0.0,1.0,0.0,0.0,1.0,0.0,0.0,1.0,0.0,0.0,0
0.8658799779461003,-0.17928982451941083,-0.49831226766291803,-0.4319629564452148,-0.8001175006067105,-0.5689165750987485,0.8287754140107481,-1.1533217575890897,-1.277671457242413,-0.07590394370508866,0.4584156711285424,0.0,-0.5728423386734577,-0.906159431061403,0.0,1.0,0.0,1.0,0.0,0.0,0.0,1.0,0.0,0.0,0
0.8658799779461003,-0.17928982451941083,-0.49831226766291803,-0.4319629564452148,-0.8081244598017434,-0.5689165750987485,0.8287754140107481,-0.8493689955942796,-1.277671457242413,-0.07590394370508866,0.4584156711285424,0.0,-0.5728423386734577,-0.9174016176945283,0.0,1.0,0.0,0.0,1.0,0.0,0.0,1.0,0.0,0.0,0
0.8658799779461003,-0.17928982451941083,0.5617915374288949,-0.4319629564452148,-0.8601696945694572,0.08183046628132684,-1.2065994998097656,-0.6467338209310729,-1.277671457242413,-0.07590394370508866,0.4584156711285424,0.0,1.3241460060094499,-0.4056733568294187,0.0,1.0,1.0,0.0,0.0,0.0,0.0,1.0,0.0,0.0,0
-0.31938195907847927,1.2459921126471483,-0.49831226766291803,-0.4319629564452148,-0.5599087247557233,-0.5689165750987485,0.8287754140107481,-0.5454162335994696,-0.4155658679111687,1.4429847041334,-2.181426297094443,0.0,-0.5728423386734577,-0.5688938320676449,0.0,1.0,0.0,0.0,1.0,0.0,0.0,1.0,0.0,0.0,0
-1.5046438961030588,1.329832226598122,0.5617915374288949,-0.4319629564452148,1.2498562203423942,0.08183046628132684,-1.2065994998097656,2.0888410370222177,1.30864531075132,0.8729204523025953,-2.181426297094443,0.0,1.3241460060094499,1.0756196383244327,1.0,0.0,0.0,0.0,1.0,0.0,0.0,0.0,1.0,0.0,1
-0.31938195907847927,-0.17928982451941083,-0.49831226766291803,-0.4319629564452148,-0.5656279813236039,-0.5689165750987485,0.8287754140107481,0.26512446505335735,-0.4155658679111687,0.022496732358280615,0.4584156711285424,0.0,-0.5728423386734577,-0.5769239653770201,0.0,1.0,0.0,0.0,1.0,0.0,0.0,1.0,0.0,0.0,0
-0.31938195907847927,-0.17928982451941083,-0.49831226766291803,-0.4319629564452148,-0.19387630441136183,-0.5689165750987485,0.8287754140107481,2.392793799017028,0.44653972142007575,0.022496732358280615,0.4584156711285424,0.0,-0.5728423386734577,-0.054965300267632626,1.0,0.0,0.0,0.0,1.0,0.0,0.0,0.0,1.0,0.0,1
0.8658799779461003,-0.17928982451941083,0.5617915374288949,-0.4319629564452148,-0.493373181547627,0.08183046628132684,-1.2065994998097656,-0.9506865829258829,-0.4155658679111687,-0.07590394370508866,0.4584156711285424,0.0,1.3241460060094499,-0.1481726780243463,0.0,1.0,1.0,0.0,0.0,0.0,0.0,1.0,0.0,0.0,0
-1.5046438961030588,1.329832226598122,0.5617915374288949,0.6367453950562796,1.9033058760259998,0.7325775076614022,-1.2065994998097656,0.06248929039015063,1.30864531075132,0.8729204523025953,-2.181426297094443,0.0,0.3756518336679961,1.0826152179897388,0.0,1.0,1.0,0.0,0.0,0.0,0.0,1.0,0.0,0.0,0
-0.31938195907847927,-0.6823305082252551,-0.49831226766291803,0.6367453950562796,-0.19387630441136183,0.08183046628132684,-1.2065994998097656,0.8730299890429775,0.44653972142007575,-0.47885196356234977,0.4584156711285424,0.0,-0.5728423386734577,0.0620819084416862,1.0,0.0,0.0,0.0,1.0,0.0,1.0,0.0,0.0,0.0,1
0.8658799779461003,-0.2631299384703849,-0.49831226766291803,1.705453746557774,-0.5244493340348633,0.7325775076614022,-1.2065994998097656,0.7717124017113741,-0.4155658679111687,-0.20124111768524627,0.4584156711285424,0.0,-0.5728423386734577,-0.053616257082502866,1.0,0.0,0.0,0.0,1.0,0.0,0.0,0.0,1.0,0.0,1
-1.5046438961030588,-0.514650280323307,0.5617915374288949,-0.4319629564452148,1.9033058760259998,0.08183046628132684,-1.2065994998097656,1.7848882750274078,1.30864531075132,-0.046218823551893516,0.4584156711285424,0.0,1.3241460060094499,1.5343582684091057,1.0,0.0,0.0,0.0,1.0,0.0,0.0,0.0,1.0,0.0,1
0.8658799779461003,-0.8919307931026903,-0.49831226766291803,-0.4319629564452148,-0.8239462111711284,-0.5689165750987485,0.8287754140107481,2.0888410370222177,-1.277671457242413,-1.1412699225364282,0.4584156711285424,0.0,-0.5728423386734577,-0.9396161784815837,0.0,1.0,1.0,0.0,0.0,0.0,0.0,1.0,0.0,0.0,0
-1.5046438961030588,0.9944717707942258,-0.49831226766291803,-0.4319629564452148,0.24078719474756727,-0.5689165750987485,0.8287754140107481,-0.44409864626786616,0.44653972142007575,0.7058042203290519,0.4584156711285424,0.0,-0.5728423386734577,0.5553248312448819,0.0,1.0,0.0,0.0,1.0,0.0,0.0,1.0,0.0,0.0,0
0.8658799779461003,-0.17928982451941083,-0.49831226766291803,-0.4319629564452148,-0.8092683111153195,-0.5689165750987485,0.8287754140107481,-0.9506865829258829,-1.277671457242413,-0.07590394370508866,0.4584156711285424,0.0,-0.5728423386734577,-0.9190076443564033,0.0,1.0,0.0,0.0,1.0,0.0,0.0,1.0,0.0,0.0,0
-1.5046438961030588,2.157753351863991,0.5617915374288949,2.7741620980592683,1.9033058760259998,2.034071590421553,-1.2065994998097656,-0.14014588427305608,1.30864531075132,1.2854886499872809,-2.181426297094443,0.0,-0.0985952525027308,0.7212207776542453,0.0,1.0,1.0,0.0,0.0,0.0,0.0,1.0,0.0,0.0,0
0.8658799779461003,-0.17928982451941083,-0.49831226766291803,-0.4319629564452148,-0.7934465597459344,-0.5689165750987485,0.8287754140107481,-1.4572745195838996,-1.277671457242413,-0.07590394370508866,0.4584156711285424,0.0,-0.5728423386734577,-0.8967930835693476,0.0,1.0,0.0,0.0,1.0,0.0,0.0,1.0,0.0,0.0,0
0.8658799779461003,-0.17928982451941083,-0.49831226766291803,-0.4319629564452148,-0.822994526878233,-0.5689165750987485,0.8287754140107481,1.0756651637061843,-1.277671457242413,-0.07590394370508866,0.4584156711285424,0.0,-0.5728423386734577,-0.9382799642989037,0.0,1.0,0.0,0.0,1.0,0.0,0.0,1.0,0.0,0.0,0
0.8658799779461003,-0.6823305082252551,-0.49831226766291803,-0.4319629564452148,-0.7863912848437968,-0.5689165750987485,0.8287754140107481,-0.5454162335994696,-0.4155658679111687,-0.8279269875860341,0.4584156711285424,0.0,-0.5728423386734577,-0.8868871111189024,0.0,1.0,0.0,0.0,1.0,0.0,0.0,1.0,0.0,0.0,0
0.8658799779461003,-0.3469700524213589,-0.49831226766291803,-0.4319629564452148,-0.798021965000239,-0.5689165750987485,0.8287754140107481,-0.14014588427305608,-1.277671457242413,-0.3265782916654038,0.4584156711285424,0.0,-0.5728423386734577,-0.903217190216848,0.0,1.0,0.0,0.0,1.0,0.0,0.0,1.0,0.0,0.0,0
-0.31938195907847927,-0.17928982451941083,-0.49831226766291803,-0.4319629564452148,-0.46687700971994944,-0.5689165750987485,0.8287754140107481,-0.9506865829258829,0.44653972142007575,0.022496732358280615,0.4584156711285424,0.0,-0.5728423386734577,-0.4382724716040242,0.0,1.0,1.0,0.0,0.0,0.0,0.0,1.0,0.0,0.0,0
-1.5046438961030588,2.157753351863991,-0.49831226766291803,-0.4319629564452148,0.11362753191993612,-0.5689165750987485,0.8287754140107481,1.3796179257009942,0.44653972142007575,1.2854886499872809,-2.181426297094443,0.0,-0.5728423386734577,0.37678605929755754,1.0,0.0,1.0,0.0,0.0,0.0,0.0,0.0,1.0,0.0,1
-1.5046438961030588,2.157753351863991,-0.49831226766291803,-0.4319629564452148,1.9033058760259998,-0.5689165750987485,0.8287754140107481,0.9743475763745808,1.30864531075132,1.2854886499872809,-2.181426297094443,0.0,-0.5728423386734577,2.8895874196672064,1.0,0.0,1.0,0.0,0.0,0.0,0.0,0.0,1.0,0.0,1
0.8658799779461003,-0.2631299384703849,-0.49831226766291803,-0.4319629564452148,-0.7989736492931344,-0.5689165750987485,0.8287754140107481,-0.03882829694145273,-1.277671457242413,-0.20124111768524627,0.4584156711285424,0.0,-0.5728423386734577,-0.904553404399528,0.0,1.0,0.0,0.0,1.0,0.0,0.0,1.0,0.0,0.0,0
-0.31938195907847927,0.5752712010393557,-0.49831226766291803,2.7741620980592683,0.6296966413634512,1.3833245490414776,-1.2065994998097656,2.0888410370222177,1.30864531075132,0.7745197762392261,0.4584156711285424,0.0,-0.5728423386734577,0.40969031193385247,1.0,0.0,0.0,0.0,1.0,0.0,0.0,0.0,1.0,0.0,1
-1.5046438961030588,-0.17928982451941083,-0.49831226766291803,-0.4319629564452148,0.06005868720253887,-0.5689165750987485,0.8287754140107481,-0.03882829694145273,0.44653972142007575,0.12089740842164991,0.4584156711285424,0.0,-0.5728423386734577,0.30157261866862584,0.0,1.0,0.0,0.0,1.0,0.0,0.0,1.0,0.0,0.0,0
-0.31938195907847927,-1.4368915337840218,1.6218953425207079,0.6367453950562796,0.6296966413634512,1.3833245490414776,-1.2065994998097656,0.06248929039015063,1.30864531075132,-1.2308750074432953,0.4584156711285424,0.0,1.3241460060094499,0.40969031193385247,1.0,0.0,0.0,0.0,1.0,0.0,1.0,0.0,0.0,0.0,1
0.8658799779461003,0.49143108708838157,-0.49831226766291803,-0.4319629564452148,-0.8001175006067105,-0.5689165750987485,0.8287754140107481,-0.3427810589362628,-1.277671457242413,0.9267934481361719,0.4584156711285424,0.0,-0.5728423386734577,-0.906159431061403,1.0,0.0,0.0,1.0,0.0,0.0,1.0,0.0,0.0,0.0,1
0.8658799779461003,-0.17928982451941083,-0.49831226766291803,-0.4319629564452148,-0.8001175006067105,-0.5689165750987485,0.8287754140107481,-0.6467338209310729,-1.277671457242413,-0.07590394370508866,0.4584156711285424,0.0,-0.5728423386734577,-0.906159431061403,1.0,0.0,0.0,1.0,0.0,0.0,1.0,0.0,0.0,0.0,1
0.8658799779461003,0.2818308022109464,-0.49831226766291803,-0.4319629564452148,-0.7200479086563814,-0.5689165750987485,0.8287754140107481,-0.8493689955942796,-0.4155658679111687,0.6134505131857779,0.4584156711285424,0.0,-0.5728423386734577,-0.7937375647301503,0.0,1.0,0.0,0.0,1.0,0.0,0.0,1.0,0.0,0.0,0
0.8658799779461003,0.7429514289413038,-0.49831226766291803,-0.4319629564452148,-0.8239462111711284,-0.5689165750987485,0.8287754140107481,1.9875234496906145,-1.277671457242413,1.3028049700766446,0.4584156711285424,0.0,-0.5728423386734577,-0.9396161784815837,1.0,0.0,1.0,0.0,0.0,0.0,0.0,0.0,1.0,0.0,1
0.8658799779461003,-0.5984903942742811,0.5617915374288949,0.6367453950562796,-0.5925084871926429,0.7325775076614022,-1.2065994998097656,1.6835706876958043,-0.4155658679111687,-0.7025898136058766,0.4584156711285424,0.0,0.3756518336679961,-0.08546911920969115,1.0,0.0,0.0,0.0,1.0,0.0,0.0,0.0,1.0,0.0,1
0.8658799779461003,-0.17928982451941083,-0.49831226766291803,-0.4319629564452148,-0.8001175006067105,-0.5689165750987485,0.8287754140107481,-1.254639344920693,-1.277671457242413,-0.07590394370508866,0.4584156711285424,0.0,-0.5728423386734577,-0.906159431061403,0.0,1.0,0.0,1.0,0.0,0.0,0.0,1.0,0.0,0.0,0
-1.5046438961030588,2.0843932521568886,0.5617915374288949,0.6367453950562796,1.9033058760259998,0.7325775076614022,-1.2065994998097656,0.9743475763745808,1.30864531075132,1.248931974243068,-2.181426297094443,0.0,0.3756518336679961,1.0826152179897388,1.0,0.0,0.0,0.0,1.0,0.0,0.0,0.0,1.0,0.0,1
-1.5046438961030588,1.162151998696174,0.5617915374288949,-0.4319629564452148,1.381971047060437,0.08183046628132684,-1.2065994998097656,2.392793799017028,1.30864531075132,0.7893623363158236,-2.181426297094443,0.0,1.3241460060094499,1.1683676780477161,1.0,0.0,1.0,0.0,0.0,0.0,0.0,0.0,1.0,0.0,1
0.8658799779461003,-0.514650280323307,-0.49831226766291803,-0.4319629564452148,-0.798021965000239,-0.5689165750987485,0.8287754140107481,-0.14014588427305608,-1.277671457242413,-0.5772526396257189,0.4584156711285424,0.0,-0.5728423386734577,-0.903217190216848,0.0,1.0,0.0,0.0,1.0,0.0,0.0,1.0,0.0,0.0,0
0.8658799779461003,-0.17928982451941083,-0.49831226766291803,-0.4319629564452148,-0.7942060770181489,-0.5689165750987485,0.8287754140107481,-0.8493689955942796,-1.277671457242413,-0.07590394370508866,0.4584156711285424,0.0,-0.5728423386734577,-0.8978594852728328,0.0,1.0,0.0,0.0,1.0,0.0,0.0,1.0,0.0,0.0,0
-0.31938195907847927,2.157753351863991,0.5617915374288949,-0.4319629564452148,0.03489395830386393,0.08183046628132684,-1.2065994998097656,1.6835706876958043,0.44653972142007575,2.3516792154895425,-2.181426297094443,0.0,1.3241460060094499,0.22268457462918995,1.0,0.0,0.0,0.0,1.0,0.0,0.0,0.0,1.0,0.0,1
0.8658799779461003,-0.17928982451941083,-0.49831226766291803,-0.4319629564452148,-0.824138378191809,-0.5689165750987485,0.8287754140107481,-0.8493689955942796,-1.277671457242413,-0.07590394370508866,0.4584156711285424,0.0,-0.5728423386734577,-0.9398859909607786,0.0,1.0,1.0,0.0,0.0,0.0,0.0,1.0,0.0,0.0,0
0.8658799779461003,-0.7661706221762292,-0.49831226766291803,-0.4319629564452148,-0.7953499283317251,-0.5689165750987485,0.8287754140107481,0.06248929039015063,-1.277671457242413,-0.9532641615661918,0.4584156711285424,0.0,-0.5728423386734577,-0.8994655119347078,1.0,0.0,0.0,0.0,1.0,0.0,1.0,0.0,0.0,0.0,1
0.8658799779461003,-0.17928982451941083,-0.49831226766291803,-0.4319629564452148,-0.8239462111711284,-0.5689165750987485,0.8287754140107481,-1.0520041702574863,-1.277671457242413,-0.07590394370508866,0.4584156711285424,0.0,-0.5728423386734577,-0.9396161784815837,0.0,1.0,1.0,0.0,0.0,0.0,0.0,1.0,0.0,0.0,0
-1.5046438961030588,1.0783118847452,-0.49831226766291803,-0.4319629564452148,0.7898358252641093,-0.5689165750987485,0.8287754140107481,-0.6467338209310729,1.30864531075132,0.7475832783224378,-2.181426297094443,0.0,-0.5728423386734577,1.3262176289449001,0.0,1.0,0.0,0.0,1.0,0.0,0.0,1.0,0.0,0.0,0
-0.31938195907847927,0.23991074523545938,-0.49831226766291803,-0.4319629564452148,-0.5370316984842007,-0.5689165750987485,0.8287754140107481,-0.24146347160465945,-0.4155658679111687,0.44028731229213913,0.4584156711285424,0.0,-0.5728423386734577,-0.5367732988301442,0.0,1.0,0.0,0.0,1.0,0.0,0.0,1.0,0.0,0.0,0
0.8658799779461003,-0.17928982451941083,-0.49831226766291803,-0.4319629564452148,-0.8001175006067105,-0.5689165750987485,0.8287754140107481,-0.3427810589362628,-1.277671457242413,-0.07590394370508866,0.4584156711285424,0.0,-0.5728423386734577,-0.906159431061403,0.0,1.0,0.0,1.0,0.0,0.0,0.0,1.0,0.0,0.0,0
0.8658799779461003,0.3237508591864335,0.5617915374288949,1.705453746557774,-0.21332177674215608,1.3833245490414776,-1.2065994998097656,1.278300338369391,0.44653972142007575,0.6761191001758567,0.4584156711285424,0.0,0.05948710955417813,0.11377989948337669,1.0,0.0,0.0,0.0,1.0,0.0,0.0,0.0,1.0,0.0,1
0.8658799779461003,-0.17928982451941083,-0.49831226766291803,-0.4319629564452148,-0.8092683111153195,-0.5689165750987485,0.8287754140107481,-0.03882829694145273,-1.277671457242413,-0.07590394370508866,0.4584156711285424,0.0,-0.5728423386734577,-0.9190076443564033,0.0,1.0,0.0,0.0,1.0,0.0,0.0,1.0,0.0,0.0,0
0.8658799779461003,-0.17928982451941083,-0.49831226766291803,-0.4319629564452148,-0.44552359339811026,-0.5689165750987485,0.8287754140107481,-0.9506865829258829,0.44653972142007575,-0.07590394370508866,0.4584156711285424,0.0,-0.5728423386734577,-0.4082911658801411,1.0,0.0,0.0,1.0,0.0,0.0,1.0,0.0,0.0,0.0,1
-0.31938195907847927,-0.7661706221762292,-0.49831226766291803,-0.4319629564452148,-0.5204458544373468,-0.5689165750987485,0.8287754140107481,1.6835706876958043,-0.4155658679111687,-0.5624100795491215,0.4584156711285424,0.0,-0.5728423386734577,-0.5134859122329561,0.0,1.0,1.0,0.0,0.0,0.0,0.0,1.0,0.0,0.0,0
0.8658799779461003,-0.556570337298794,-0.49831226766291803,-0.4319629564452148,-0.824138378191809,-0.5689165750987485,0.8287754140107481,-1.0520041702574863,-1.277671457242413,-0.6399212266157978,0.4584156711285424,0.0,-0.5728423386734577,-0.9398859909607786,0.0,1.0,1.0,0.0,0.0,0.0,0.0,1.0,0.0,0.0,0
-0.31938195907847927,-0.6823305082252551,0.5617915374288949,-0.4319629564452148,-0.628539803570291,0.08183046628132684,-1.2065994998097656,-1.1533217575890897,-0.4155658679111687,-0.47885196356234977,0.4584156711285424,0.0,1.3241460060094499,-0.24306315731457107,0.0,1.0,0.0,0.0,1.0,0.0,0.0,1.0,0.0,0.0,0
-0.31938195907847927,-1.2692113058820735,-0.49831226766291803,-0.4319629564452148,1.8193020074826254,-0.5689165750987485,0.8287754140107481,-0.03882829694145273,1.30864531075132,-1.063758775469752,0.4584156711285424,0.0,-0.5728423386734577,2.771641624632434,0.0,1.0,0.0,0.0,1.0,0.0,0.0,1.0,0.0,0.0,0
0.8658799779461003,0.6171912580148426,0.5617915374288949,-0.4319629564452148,-0.35859089356632456,0.08183046628132684,-1.2065994998097656,0.8730299890429775,0.44653972142007575,1.1147992091064083,0.4584156711285424,0.0,1.3241460060094499,-0.05355201121331663,0.0,1.0,0.0,0.0,1.0,0.0,0.0,1.0,0.0,0.0,0
0.8658799779461003,-0.17928982451941083,-0.49831226766291803,-0.4319629564452148,-0.8239462111711284,-0.5689165750987485,0.8287754140107481,-0.44409864626786616,-1.277671457242413,-0.07590394370508866,0.4584156711285424,0.0,-0.5728423386734577,-0.9396161784815837,0.0,1.0,1.0,0.0,0.0,0.0,0.0,1.0,0.0,0.0,0
-0.31938195907847927,-0.2631299384703849,-0.49831226766291803,-0.4319629564452148,-0.5370316984842007,-0.5689165750987485,0.8287754140107481,-0.7480514082626762,-0.4155658679111687,-0.06106138362849114,0.4584156711285424,0.0,-0.5728423386734577,-0.5367732988301442,1.0,0.0,0.0,0.0,1.0,0.0,1.0,0.0,0.0,0.0,1
-1.5046438961030588,1.7490327963529924,-0.49831226766291803,-0.4319629564452148,0.03489395830386393,-0.5689165750987485,0.8287754140107481,-0.3427810589362628,0.44653972142007575,1.081815742269525,-2.181426297094443,0.0,-0.5728423386734577,0.26624003210737485,0.0,1.0,0.0,0.0,1.0,0.0,0.0,1.0,0.0,0.0,0
0.8658799779461003,-0.514650280323307,-0.49831226766291803,-0.4319629564452148,-0.7863912848437968,-0.5689165750987485,0.8287754140107481,-0.6467338209310729,-0.4155658679111687,-0.5772526396257189,0.4584156711285424,0.0,-0.5728423386734577,-0.8868871111189024,1.0,0.0,0.0,0.0,1.0,0.0,1.0,0.0,0.0,0.0,1
0.8658799779461003,-0.9338508500781773,-0.49831226766291803,-0.4319629564452148,-0.8001175006067105,-0.5689165750987485,0.8287754140107481,0.06248929039015063,-1.277671457242413,-1.203938509526507,0.4584156711285424,0.0,-0.5728423386734577,-0.906159431061403,0.0,1.0,0.0,0.0,1.0,0.0,0.0,1.0,0.0,0.0,0
0.8658799779461003,-0.43081016637233305,-0.49831226766291803,-0.4319629564452148,-0.7953499283317251,-0.5689165750987485,0.8287754140107481,-0.24146347160465945,-1.277671457242413,-0.45191546564556145,0.4584156711285424,0.0,-0.5728423386734577,-0.8994655119347078,0.0,1.0,0.0,0.0,1.0,0.0,0.0,1.0,0.0,0.0,0
-0.31938195907847927,1.0783118847452,-0.49831226766291803,-0.4319629564452148,-0.5599087247557233,-0.5689165750987485,0.8287754140107481,-0.7480514082626762,-0.4155658679111687,1.2758684721598563,-2.181426297094443,0.0,-0.5728423386734577,-0.5688938320676449,0.0,1.0,0.0,0.0,1.0,0.0,0.0,1.0,0.0,0.0,0
0.8658799779461003,-0.9338508500781773,-0.49831226766291803,-0.4319629564452148,-0.8239462111711284,-0.5689165750987485,0.8287754140107481,1.3796179257009942,-1.277671457242413,-1.203938509526507,0.4584156711285424,0.0,-0.5728423386734577,-0.9396161784815837,1.0,0.0,1.0,0.0,0.0,0.0,0.0,0.0,1.0,0.0,1
-1.5046438961030588,-1.3530514198330477,1.6218953425207079,1.705453746557774,1.9033058760259998,2.034071590421553,-1.2065994998097656,-0.03882829694145273,1.30864531075132,-0.4640094034857522,0.4584156711285424,0.0,0.691816557781814,0.7212207776542453,0.0,1.0,1.0,0.0,0.0,1.0,0.0,0.0,0.0,0.0,0
0.8658799779461003,0.23991074523545938,-0.49831226766291803,-0.4319629564452148,-0.7989736492931344,-0.5689165750987485,0.8287754140107481,-0.24146347160465945,-1.277671457242413,0.5507819261956991,0.4584156711285424,0.0,-0.5728423386734577,-0.904553404399528,0.0,1.0,0.0,0.0,1.0,0.0,0.0,1.0,0.0,0.0,0
-1.5046438961030588,1.4975124545000702,0.5617915374288949,-0.4319629564452148,1.6442927565054777,0.08183046628132684,-1.2065994998097656,2.798064148343441,1.30864531075132,0.9564785682893671,-2.181426297094443,0.0,1.3241460060094499,1.352524331258279,1.0,0.0,0.0,0.0,1.0,0.0,0.0,0.0,1.0,0.0,1
-1.5046438961030588,-0.011609596617462721,-0.49831226766291803,-0.4319629564452148,1.9033058760259998,-0.5689165750987485,0.8287754140107481,-1.0520041702574863,1.30864531075132,0.2044555244084216,0.4584156711285424,0.0,-0.5728423386734577,2.8895874196672064,1.0,0.0,0.0,0.0,1.0,0.0,1.0,0.0,0.0,0.0,1
0.8658799779461003,0.8267915428922779,-0.49831226766291803,0.6367453950562796,-0.5408430110610364,0.08183046628132684,-1.2065994998097656,-1.1533217575890897,-0.4155658679111687,1.4281421440568023,0.4584156711285424,0.0,-0.5728423386734577,-0.1814977312582534,0.0,1.0,1.0,0.0,0.0,0.0,0.0,1.0,0.0,0.0,0
0.8658799779461003,-0.8500107361272031,0.5617915374288949,-0.4319629564452148,-0.4180711618722831,0.08183046628132684,-1.2065994998097656,0.7717124017113741,0.44653972142007575,-1.0786013355463495,0.4584156711285424,0.0,1.3241460060094499,-0.09530870442206753,1.0,0.0,0.0,0.0,1.0,0.0,0.0,0.0,1.0,0.0,1
0.8658799779461003,-1.2272912489065864,7.982518173071584,1.705453746557774,1.9033058760259998,5.938553838702005,-1.2065994998097656,-0.03882829694145273,1.30864531075132,-1.6426186184570584,0.4584156711285424,0.0,4.485793247147629,0.42553441737975056,0.0,1.0,0.0,0.0,1.0,1.0,0.0,0.0,0.0,0.0,0
0.8658799779461003,-0.17928982451941083,-0.49831226766291803,-0.4319629564452148,-0.7942060770181489,-0.5689165750987485,0.8287754140107481,-0.14014588427305608,-1.277671457242413,-0.07590394370508866,0.4584156711285424,0.0,-0.5728423386734577,-0.8978594852728328,1.0,0.0,0.0,1.0,0.0,0.0,1.0,0.0,0.0,0.0,1
-0.31938195907847927,-0.5984903942742811,-0.49831226766291803,-0.4319629564452148,-0.6742938561133363,-0.5689165750987485,0.8287754140107481,-0.24146347160465945,-0.4155658679111687,-0.395293847575578,0.4584156711285424,0.0,-0.5728423386734577,-0.7294964982551487,0.0,1.0,0.0,0.0,1.0,0.0,0.0,1.0,0.0,0.0,0
-0.31938195907847927,-0.43081016637233305,0.5617915374288949,0.6367453950562796,0.5383807032980416,0.7325775076614022,-1.2065994998097656,1.1769827510377875,1.30864531075132,-0.2281776156020346,0.4584156711285424,0.0,0.3756518336679961,0.44380660337119887,1.0,0.0,1.0,0.0,0.0,0.0,0.0,0.0,1.0,0.0,1
-1.5046438961030588,2.157753351863991,0.5617915374288949,-0.4319629564452148,1.9033058760259998,0.08183046628132684,-1.2065994998097656,-0.3427810589362628,1.30864531075132,1.2854886499872809,-2.181426297094443,0.0,1.3241460060094499,1.5343582684091057,0.0,1.0,1.0,0.0,0.0,0.0,0.0,1.0,0.0,0.0,0
-0.31938195907847927,-0.43081016637233305,-0.49831226766291803,-0.4319629564452148,-0.6742938561133363,-0.5689165750987485,0.8287754140107481,0.06248929039015063,-0.4155658679111687,-0.2281776156020346,0.4584156711285424,0.0,-0.5728423386734577,-0.7294964982551487,0.0,1.0,0.0,0.0,1.0,0.0,0.0,1.0,0.0,0.0,0
-0.31938195907847927,-1.0176909640291514,-0.49831226766291803,-0.4319629564452148,1.9033058760259998,-0.5689165750987485,0.8287754140107481,-0.24146347160465945,1.30864531075132,-0.8130844275094365,0.4584156711285424,0.0,-0.5728423386734577,2.8895874196672064,0.0,1.0,0.0,0.0,1.0,0.0,0.0,1.0,0.0,0.0,0
0.8658799779461003,-0.2631299384703849,-0.49831226766291803,-0.4319629564452148,-0.7934465597459344,-0.5689165750987485,0.8287754140107481,-0.7480514082626762,-1.277671457242413,-0.20124111768524627,0.4584156711285424,0.0,-0.5728423386734577,-0.8967930835693476,0.0,1.0,0.0,0.0,1.0,0.0,0.0,1.0,0.0,0.0,0
0.8658799779461003,-0.2631299384703849,-0.49831226766291803,-0.4319629564452148,-0.7942060770181489,-0.5689165750987485,0.8287754140107481,-1.0520041702574863,-1.277671457242413,-0.20124111768524627,0.4584156711285424,0.0,-0.5728423386734577,-0.8978594852728328,0.0,1.0,0.0,1.0,0.0,0.0,0.0,1.0,0.0,0.0,0
0.8658799779461003,-0.7661706221762292,-0.49831226766291803,-0.4319629564452148,-0.7921105414116775,-0.5689165750987485,0.8287754140107481,1.278300338369391,-0.4155658679111687,-0.9532641615661918,0.4584156711285424,0.0,-0.5728423386734577,-0.8949172444282777,0.0,1.0,0.0,0.0,1.0,0.0,0.0,1.0,0.0,0.0,0
0.8658799779461003,-0.17928982451941083,-0.49831226766291803,-0.4319629564452148,-0.8014535189409673,-0.5689165750987485,0.8287754140107481,0.3664420523849607,-1.277671457242413,-0.07590394370508866,0.4584156711285424,0.0,-0.5728423386734577,-0.9080352702024729,1.0,0.0,0.0,1.0,0.0,0.0,1.0,0.0,0.0,0.0,1
0.8658799779461003,-0.17928982451941083,-0.49831226766291803,-0.4319629564452148,-0.4912776459411554,-0.5689165750987485,0.8287754140107481,-0.14014588427305608,0.44653972142007575,-0.07590394370508866,0.4584156711285424,0.0,-0.5728423386734577,-0.47253223235514247,1.0,0.0,0.0,0.0,1.0,0.0,0.0,0.0,1.0,0.0,1
0.8658799779461003,-0.43081016637233305,-0.49831226766291803,-0.4319629564452148,-0.7583669276611816,-0.5689165750987485,0.8287754140107481,-1.0520041702574863,-0.4155658679111687,-0.45191546564556145,0.4584156711285424,0.0,-0.5728423386734577,-0.847539457902964,0.0,1.0,0.0,0.0,1.0,0.0,0.0,1.0,0.0,0.0,0
0.8658799779461003,-1.0176909640291514,-0.49831226766291803,-0.4319629564452148,-0.7583669276611816,-0.5689165750987485,0.8287754140107481,-1.0520041702574863,-0.4155658679111687,-1.3292756835066644,0.4584156711285424,0.0,-0.5728423386734577,-0.847539457902964,0.0,1.0,0.0,0.0,1.0,0.0,0.0,1.0,0.0,0.0,0
0.8658799779461003,-2.118092459635686,-0.49831226766291803,1.705453746557774,-0.49585305119545997,0.7325775076614022,-1.2065994998097656,1.1769827510377875,-0.4155658679111687,-2.9743260919962324,0.4584156711285424,0.0,-0.5728423386734577,-0.040232701566877575,0.0,1.0,0.0,0.0,1.0,1.0,0.0,0.0,0.0,0.0,0
0.8658799779461003,-1.856092103538892,0.5617915374288949,0.6367453950562796,-0.4571542735545524,0.7325775076614022,-1.2065994998097656,0.26512446505335735,0.44653972142007575,-2.58264742330824,0.4584156711285424,0.0,0.3756518336679961,-0.02212100355869215,0.0,1.0,1.0,0.0,0.0,1.0,0.0,0.0,0.0,0.0,0
-0.31938195907847927,0.07223051733351128,-0.49831226766291803,-0.4319629564452148,-0.5599087247557233,-0.5689165750987485,0.8287754140107481,0.9743475763745808,-0.4155658679111687,0.2731710803185957,0.4584156711285424,0.0,-0.5728423386734577,-0.5688938320676449,1.0,0.0,0.0,0.0,1.0,0.0,0.0,0.0,1.0,0.0,1
-1.5046438961030588,2.157753351863991,0.5617915374288949,0.6367453950562796,1.9033058760259998,0.7325775076614022,-1.2065994998097656,-0.3427810589362628,1.30864531075132,1.2854886499872809,-2.181426297094443,0.0,0.3756518336679961,1.0826152179897388,0.0,1.0,0.0,0.0,1.0,0.0,0.0,1.0,0.0,0.0,0
-0.31938195907847927,0.40759097313740744,0.5617915374288949,-0.4319629564452148,0.03489395830386393,0.08183046628132684,-1.2065994998097656,-0.7480514082626762,0.44653972142007575,0.6074035442656825,0.4584156711285424,0.0,1.3241460060094499,0.22268457462918995,0.0,1.0,0.0,0.0,1.0,0.0,0.0,1.0,0.0,0.0,0
0.8658799779461003,1.329832226598122,0.5617915374288949,-0.4319629564452148,-0.5091995083222662,0.08183046628132684,-1.2065994998097656,1.4809355130325976,-0.4155658679111687,2.1801651879377477,-2.181426297094443,0.0,1.3241460060094499,-0.1592831704711978,1.0,0.0,0.0,0.0,1.0,0.0,0.0,0.0,1.0,0.0,1
0.8658799779461003,-0.6823305082252551,-0.49831226766291803,-0.4319629564452148,-0.7989736492931344,-0.5689165750987485,0.8287754140107481,-0.3427810589362628,-1.277671457242413,-0.8279269875860341,0.4584156711285424,0.0,-0.5728423386734577,-0.904553404399528,0.0,1.0,0.0,0.0,1.0,0.0,0.0,1.0,0.0,0.0,0
0.8658799779461003,-0.09544971056843672,-0.49831226766291803,-0.4319629564452148,-0.12410137428321798,-0.5689165750987485,0.8287754140107481,-0.24146347160465945,0.44653972142007575,0.049433230275068955,0.4584156711285424,0.0,-0.5728423386734577,0.043002326106744634,0.0,1.0,0.0,0.0,1.0,0.0,0.0,1.0,0.0,0.0,0
-1.5046438961030588,-0.09544971056843672,2.6819991476125207,1.705453746557774,1.9033058760259998,2.6848186318016287,-1.2065994998097656,-0.14014588427305608,1.30864531075132,0.1626764664150358,0.4584156711285424,0.0,1.3241460060094499,0.6308721675703719,1.0,0.0,0.0,0.0,1.0,0.0,1.0,0.0,0.0,0.0,1
0.8658799779461003,1.4975124545000702,0.5617915374288949,-0.4319629564452148,-0.8344330400139943,0.08183046628132684,-1.2065994998097656,0.46775963971656404,-1.277671457242413,2.430839535898063,-2.181426297094443,0.0,1.3241460060094499,-0.3876055568833245,1.0,0.0,0.0,0.0,1.0,0.0,0.0,0.0,1.0,0.0,1
0.8658799779461003,0.5752712010393557,-0.49831226766291803,1.705453746557774,-0.42722197238089216,0.7325775076614022,-1.2065994998097656,1.886205862359011,0.44653972142007575,1.0521306221163296,0.4584156711285424,0.0,-0.5728423386734577,-0.008112168329376794,1.0,0.0,0.0,0.0,1.0,0.0,0.0,0.0,1.0,0.0,1
0.8658799779461003,-1.939932217489866,0.5617915374288949,0.6367453950562796,-0.4571542735545524,0.7325775076614022,-1.2065994998097656,-0.7480514082626762,0.44653972142007575,-2.707984597288398,0.4584156711285424,0.0,0.3756518336679961,-0.02212100355869215,0.0,1.0,1.0,0.0,0.0,1.0,0.0,0.0,0.0,0.0,0
-1.5046438961030588,-0.17928982451941083,-0.49831226766291803,-0.4319629564452148,0.023075686531995505,-0.5689165750987485,0.8287754140107481,-0.24146347160465945,0.44653972142007575,0.12089740842164991,0.4584156711285424,0.0,-0.5728423386734577,0.24964656463688215,0.0,1.0,1.0,0.0,0.0,0.0,0.0,1.0,0.0,0.0,0
-1.5046438961030588,0.07223051733351128,0.5617915374288949,-0.4319629564452148,1.4875851265455482,0.08183046628132684,-1.2065994998097656,-0.3427810589362628,1.30864531075132,0.24623458240180748,0.4584156711285424,0.0,1.3241460060094499,1.2425115049198392,0.0,1.0,1.0,0.0,0.0,0.0,0.0,1.0,0.0,0.0,0
0.8658799779461003,-2.118092459635686,0.5617915374288949,0.6367453950562796,-0.5972760594676283,0.7325775076614022,-1.2065994998097656,0.06248929039015063,-0.4155658679111687,-2.9743260919962324,0.4584156711285424,0.0,0.3756518336679961,-0.08770042558525618,1.0,0.0,0.0,0.0,1.0,0.0,1.0,0.0,0.0,0.0,1
0.8658799779461003,-0.17928982451941083,-0.49831226766291803,-0.4319629564452148,-0.7989736492931344,-0.5689165750987485,0.8287754140107481,-0.9506865829258829,-1.277671457242413,-0.07590394370508866,0.4584156711285424,0.0,-0.5728423386734577,-0.904553404399528,0.0,1.0,0.0,0.0,1.0,0.0,0.0,1.0,0.0,0.0,0
0.8658799779461003,-0.17928982451941083,-0.49831226766291803,-0.4319629564452148,-0.8239462111711284,-0.5689165750987485,0.8287754140107481,-0.6467338209310729,-1.277671457242413,-0.07590394370508866,0.4584156711285424,0.0,-0.5728423386734577,-0.9396161784815837,0.0,1.0,1.0,0.0,0.0,1.0,0.0,0.0,0.0,0.0,0
-0.31938195907847927,-0.7661706221762292,1.6218953425207079,0.6367453950562796,-0.10236819932527144,1.3833245490414776,-1.2065994998097656,0.16380687772175398,0.44653972142007575,-0.5624100795491215,0.4584156711285424,0.0,1.3241460060094499,0.1527260460338464,1.0,0.0,0.0,0.0,1.0,0.0,1.0,0.0,0.0,0.0,1
0.8658799779461003,-1.1015310779801255,-0.49831226766291803,-0.4319629564452148,-0.804692905861015,-0.5689165750987485,0.8287754140107481,-0.03882829694145273,-1.277671457242413,-1.454612857486822,0.4584156711285424,0.0,-0.5728423386734577,-0.9125835377089032,1.0,0.0,0.0,0.0,1.0,0.0,1.0,0.0,0.0,0.0,1
-0.31938195907847927,0.07223051733351128,-0.49831226766291803,-0.4319629564452148,-0.5719191635482727,-0.5689165750987485,0.8287754140107481,1.0756651637061843,-0.4155658679111687,0.2731710803185957,0.4584156711285424,0.0,-0.5728423386734577,-0.5857571120173328,0.0,1.0,1.0,0.0,0.0,0.0,0.0,1.0,0.0,0.0,0
-0.31938195907847927,1.329832226598122,-0.49831226766291803,1.705453746557774,0.2179101684760446,0.7325775076614022,-1.2065994998097656,0.16380687772175398,0.44653972142007575,1.5265428201201714,-2.181426297094443,0.0,-0.5728423386734577,0.2938208441031303,1.0,0.0,0.0,0.0,1.0,0.0,0.0,0.0,1.0,0.0,1
-0.31938195907847927,2.157753351863991,0.5617915374288949,-0.4319629564452148,0.03489395830386393,0.08183046628132684,-1.2065994998097656,-0.7480514082626762,0.44653972142007575,2.3516792154895425,-2.181426297094443,0.0,1.3241460060094499,0.22268457462918995,0.0,1.0,0.0,0.0,1.0,0.0,0.0,1.0,0.0,0.0,0
0.8658799779461003,-1.0176909640291514,-0.49831226766291803,-0.4319629564452148,-0.8008815932841793,-0.5689165750987485,0.8287754140107481,-0.7480514082626762,-1.277671457242413,-1.3292756835066644,0.4584156711285424,0.0,-0.5728423386734577,-0.9072322568715354,1.0,0.0,0.0,1.0,0.0,0.0,1.0,0.0,0.0,0.0,1
0.8658799779461003,-0.17928982451941083,-0.49831226766291803,-0.4319629564452148,-0.8001175006067105,-0.5689165750987485,0.8287754140107481,-0.44409864626786616,-1.277671457242413,-0.07590394370508866,0.4584156711285424,0.0,-0.5728423386734577,-0.906159431061403,1.0,0.0,0.0,1.0,0.0,0.0,1.0,0.0,0.0,0.0,1
0.8658799779461003,-0.17928982451941083,0.5617915374288949,-0.4319629564452148,-0.44552359339811026,0.08183046628132684,-1.2065994998097656,-0.9506865829258829,0.44653972142007575,-0.07590394370508866,0.4584156711285424,0.0,1.3241460060094499,-0.11458102436456802,1.0,0.0,0.0,1.0,0.0,0.0,1.0,0.0,0.0,0.0,1
-1.5046438961030588,1.581352568451044,-0.49831226766291803,-0.4319629564452148,1.1556760785877902,-0.5689165750987485,0.8287754140107481,-0.9506865829258829,1.30864531075132,0.998257626282753,-2.181426297094443,0.0,-0.5728423386734577,1.8398763482657177,0.0,1.0,1.0,0.0,0.0,0.0,0.0,1.0,0.0,0.0,0
-0.31938195907847927,-0.011609596617462721,0.5617915374288949,-0.4319629564452148,0.03489395830386393,0.08183046628132684,-1.2065994998097656,0.16380687772175398,0.44653972142007575,0.18961296433182404,0.4584156711285424,0.0,1.3241460060094499,0.22268457462918995,0.0,1.0,0.0,0.0,1.0,0.0,0.0,1.0,0.0,0.0,0
-1.5046438961030588,0.6591113149903297,0.5617915374288949,-0.4319629564452148,1.9033058760259998,0.08183046628132684,-1.2065994998097656,1.9875234496906145,1.30864531075132,0.5386879883555086,0.4584156711285424,0.0,1.3241460060094499,1.5343582684091057,1.0,0.0,0.0,1.0,0.0,0.0,0.0,0.0,1.0,0.0,1
0.8658799779461003,1.162151998696174,-0.49831226766291803,-0.4319629564452148,-0.7934465597459344,-0.5689165750987485,0.8287754140107481,-0.5454162335994696,-1.277671457242413,1.9294908399774326,-2.181426297094443,0.0,-0.5728423386734577,-0.8967930835693476,0.0,1.0,0.0,0.0,1.0,0.0,0.0,1.0,0.0,0.0,0
-1.5046438961030588,0.07223051733351128,0.5617915374288949,1.705453746557774,1.9033058760259998,1.3833245490414776,-1.2065994998097656,0.8730299890429775,1.30864531075132,0.24623458240180748,0.4584156711285424,0.0,0.05948710955417813,0.8567436927800554,0.0,1.0,0.0,0.0,1.0,0.0,0.0,1.0,0.0,0.0,0
-0.31938195907847927,0.7429514289413038,0.5617915374288949,-0.4319629564452148,-0.19387630441136183,0.08183046628132684,-1.2065994998097656,-1.254639344920693,0.44653972142007575,0.9416360082127695,0.4584156711285424,0.0,1.3241460060094499,0.0620819084416862,0.0,1.0,0.0,0.0,1.0,0.0,0.0,1.0,0.0,0.0,0
-0.31938195907847927,-0.5984903942742811,1.6218953425207079,-0.4319629564452148,0.2865412472906124,0.7325775076614022,-1.2065994998097656,0.06248929039015063,1.30864531075132,-0.395293847575578,0.4584156711285424,0.0,3.2211343506923575,0.3259413773406311,0.0,1.0,0.0,0.0,1.0,0.0,0.0,1.0,0.0,0.0,0
0.8658799779461003,-0.17928982451941083,-0.49831226766291803,-0.4319629564452148,-0.7938263183820418,-0.5689165750987485,0.8287754140107481,-0.9506865829258829,-1.277671457242413,-0.07590394370508866,0.4584156711285424,0.0,-0.5728423386734577,-0.8973262844210902,0.0,1.0,0.0,0.0,1.0,0.0,0.0,1.0,0.0,0.0,0
-0.31938195907847927,-0.17928982451941083,-0.49831226766291803,-0.4319629564452148,-0.4418998724367011,-0.5689165750987485,0.8287754140107481,0.5690772270481674,0.44653972142007575,0.022496732358280615,0.4584156711285424,0.0,-0.5728423386734577,-0.40320327341532086,0.0,1.0,1.0,0.0,0.0,0.0,0.0,1.0,0.0,0.0,0
0.8658799779461003,-0.17928982451941083,-0.49831226766291803,-0.4319629564452148,-0.7583669276611816,-0.5689165750987485,0.8287754140107481,-1.0520041702574863,-0.4155658679111687,-0.07590394370508866,0.4584156711285424,0.0,-0.5728423386734577,-0.847539457902964,0.0,1.0,0.0,0.0,1.0,0.0,0.0,1.0,0.0,0.0,0
-1.5046438961030588,-0.43081016637233305,0.5617915374288949,-0.4319629564452148,1.5905317447673997,0.08183046628132684,-1.2065994998097656,-0.3427810589362628,1.30864531075132,-0.0044397655585076915,0.4584156711285424,0.0,1.3241460060094499,1.3147827047042158,0.0,1.0,0.0,0.0,1.0,0.0,0.0,1.0,0.0,0.0,0
0.8658799779461003,0.910631656843252,0.5617915374288949,4.911578801062257,0.2813939163795198,3.335565673181704,-1.2065994998097656,1.4809355130325976,0.44653972142007575,1.55347931803696,0.4584156711285424,0.0,-0.2566776145596398,0.24101621152106797,0.0,1.0,0.0,0.0,1.0,0.0,0.0,1.0,0.0,0.0,0
-0.31938195907847927,0.910631656843252,-0.49831226766291803,-0.4319629564452148,-0.5599087247557233,-0.5689165750987485,0.8287754140107481,-1.254639344920693,-0.4155658679111687,1.108752240186313,0.4584156711285424,0.0,-0.5728423386734577,-0.5688938320676449,0.0,1.0,0.0,0.0,1.0,0.0,0.0,1.0,0.0,0.0,0
0.8658799779461003,0.7848714859167908,-0.49831226766291803,-0.4319629564452148,-0.822994526878233,-0.5689165750987485,0.8287754140107481,0.06248929039015063,-1.277671457242413,1.3654735570667236,0.4584156711285424,0.0,-0.5728423386734577,-0.9382799642989037,0.0,1.0,0.0,0.0,1.0,0.0,0.0,1.0,0.0,0.0,0
0.8658799779461003,-1.0176909640291514,1.6218953425207079,-0.4319629564452148,-0.7863912848437968,0.7325775076614022,-1.2065994998097656,-0.9506865829258829,-0.4155658679111687,-1.3292756835066644,0.4584156711285424,0.0,3.2211343506923575,-0.17620962560563078,0.0,1.0,0.0,0.0,1.0,0.0,0.0,1.0,0.0,0.0,0
0.8658799779461003,-0.5984903942742811,-0.49831226766291803,-0.4319629564452148,-0.7446407118982681,-0.5689165750987485,0.8287754140107481,0.06248929039015063,-0.4155658679111687,-0.7025898136058766,0.4584156711285424,0.0,-0.5728423386734577,-0.8282671379604636,1.0,0.0,0.0,0.0,1.0,0.0,1.0,0.0,0.0,0.0,1
0.8658799779461003,-0.17928982451941083,0.5617915374288949,-0.4319629564452148,-0.4180711618722831,0.08183046628132684,-1.2065994998097656,-0.24146347160465945,0.44653972142007575,-0.07590394370508866,0.4584156711285424,0.0,1.3241460060094499,-0.09530870442206753,0.0,1.0,0.0,0.0,1.0,0.0,0.0,1.0,0.0,0.0,0
-1.5046438961030588,2.157753351863991,-0.49831226766291803,-0.4319629564452148,1.9033058760259998,-0.5689165750987485,0.8287754140107481,1.9875234496906145,1.30864531075132,1.2854886499872809,-2.181426297094443,0.0,-0.5728423386734577,2.8895874196672064,1.0,0.0,1.0,0.0,0.0,0.0,0.0,0.0,1.0,0.0,1
0.8658799779461003,-0.17928982451941083,0.5617915374288949,0.6367453950562796,-0.4912776459411554,0.7325775076614022,-1.2065994998097656,0.7717124017113741,0.44653972142007575,-0.07590394370508866,0.4584156711285424,0.0,0.3756518336679961,-0.038091332684377484,0.0,1.0,0.0,0.0,1.0,1.0,0.0,0.0,0.0,0.0,0
0.8658799779461003,-0.7661706221762292,-0.49831226766291803,-0.4319629564452148,-0.7953499283317251,-0.5689165750987485,0.8287754140107481,-0.5454162335994696,-1.277671457242413,-0.9532641615661918,0.4584156711285424,0.0,-0.5728423386734577,-0.8994655119347078,0.0,1.0,0.0,0.0,1.0,0.0,0.0,1.0,0.0,0.0,0
-1.5046438961030588,-0.17928982451941083,0.5617915374288949,-0.4319629564452148,1.9033058760259998,0.08183046628132684,-1.2065994998097656,-0.3427810589362628,1.30864531075132,0.12089740842164991,0.4584156711285424,0.0,1.3241460060094499,1.5343582684091057,0.0,1.0,1.0,0.0,0.0,0.0,0.0,1.0,0.0,0.0,0
0.8658799779461003,-1.6884118756369437,-0.49831226766291803,0.6367453950562796,-1.009634458011823,0.08183046628132684,-1.2065994998097656,-0.24146347160465945,-1.277671457242413,-2.331973075347925,0.4584156711285424,0.0,-0.5728423386734577,-0.5106015027563625,0.0,1.0,0.0,0.0,1.0,1.0,0.0,0.0,0.0,0.0,0
0.8658799779461003,0.6591113149903297,-0.49831226766291803,-0.4319629564452148,-0.8001175006067105,-0.5689165750987485,0.8287754140107481,-0.8493689955942796,-1.277671457242413,1.177467796096487,0.4584156711285424,0.0,-0.5728423386734577,-0.906159431061403,1.0,0.0,0.0,1.0,0.0,0.0,1.0,0.0,0.0,0.0,1
0.8658799779461003,-0.17928982451941083,-0.49831226766291803,-0.4319629564452148,-0.8008815932841793,-0.5689165750987485,0.8287754140107481,-0.9506865829258829,-1.277671457242413,-0.07590394370508866,0.4584156711285424,0.0,-0.5728423386734577,-0.9072322568715354,1.0,0.0,0.0,1.0,0.0,0.0,1.0,0.0,0.0,0.0,1
-0.31938195907847927,-0.09544971056843672,-0.49831226766291803,-0.4319629564452148,-0.6742938561133363,-0.5689165750987485,0.8287754140107481,0.06248929039015063,-0.4155658679111687,0.10605484834505237,0.4584156711285424,0.0,-0.5728423386734577,-0.7294964982551487,0.0,1.0,0.0,0.0,1.0,0.0,0.0,1.0,0.0,0.0,0
-1.5046438961030588,-0.17928982451941083,-0.49831226766291803,-0.4319629564452148,0.03489395830386393,-0.5689165750987485,0.8287754140107481,-0.5454162335994696,0.44653972142007575,0.12089740842164991,0.4584156711285424,0.0,-0.5728423386734577,0.26624003210737485,0.0,1.0,0.0,0.0,1.0,0.0,0.0,1.0,0.0,0.0,0
-0.31938195907847927,-0.43081016637233305,0.5617915374288949,1.705453746557774,1.8193020074826254,1.3833245490414776,-1.2065994998097656,-0.9506865829258829,1.30864531075132,-0.2281776156020346,0.4584156711285424,0.0,0.05948710955417813,0.8272572440213622,1.0,0.0,0.0,0.0,1.0,0.0,1.0,0.0,0.0,0.0,1
-1.5046438961030588,2.0005531382059143,0.5617915374288949,0.6367453950562796,1.9033058760259998,0.7325775076614022,-1.2065994998097656,-0.6467338209310729,1.30864531075132,1.2071529162496821,-2.181426297094443,0.0,0.3756518336679961,1.0826152179897388,0.0,1.0,0.0,0.0,1.0,0.0,0.0,0.0,0.0,1.0,0
-1.5046438961030588,2.157753351863991,-0.49831226766291803,0.6367453950562796,1.9033058760259998,0.08183046628132684,-1.2065994998097656,3.6086048469962684,1.30864531075132,1.2854886499872809,-2.181426297094443,0.0,-0.5728423386734577,1.5343582684091057,1.0,0.0,1.0,0.0,0.0,0.0,0.0,0.0,1.0,0.0,1
0.8658799779461003,-0.09544971056843672,-0.49831226766291803,-0.4319629564452148,-0.7863912848437968,-0.5689165750987485,0.8287754140107481,-0.6467338209310729,-0.4155658679111687,0.049433230275068955,0.4584156711285424,0.0,-0.5728423386734577,-0.8868871111189024,0.0,1.0,0.0,0.0,1.0,0.0,0.0,1.0,0.0,0.0,0
-1.5046438961030588,2.157753351863991,0.5617915374288949,0.6367453950562796,1.9033058760259998,0.7325775076614022,-1.2065994998097656,-0.14014588427305608,1.30864531075132,1.2854886499872809,-2.181426297094443,0.0,0.3756518336679961,1.0826152179897388,0.0,1.0,0.0,0.0,1.0,0.0,0.0,1.0,0.0,0.0,0
-0.31938195907847927,0.07223051733351128,0.5617915374288949,0.6367453950562796,0.03489395830386393,0.7325775076614022,-1.2065994998097656,-0.5454162335994696,0.44653972142007575,0.2731710803185957,0.4584156711285424,0.0,0.3756518336679961,0.20816608880312829,0.0,1.0,0.0,0.0,1.0,0.0,0.0,0.0,0.0,1.0,0
0.8658799779461003,0.23991074523545938,-0.49831226766291803,-0.4319629564452148,-0.7863912848437968,-0.5689165750987485,0.8287754140107481,-0.44409864626786616,-0.4155658679111687,0.5507819261956991,0.4584156711285424,0.0,-0.5728423386734577,-0.8868871111189024,0.0,1.0,0.0,0.0,1.0,0.0,0.0,1.0,0.0,0.0,0
0.8658799779461003,-0.17928982451941083,-0.49831226766291803,-0.4319629564452148,-0.7934465597459344,-0.5689165750987485,0.8287754140107481,-0.7480514082626762,-1.277671457242413,-0.07590394370508866,0.4584156711285424,0.0,-0.5728423386734577,-0.8967930835693476,0.0,1.0,1.0,0.0,0.0,0.0,0.0,1.0,0.0,0.0,0
0.8658799779461003,0.07223051733351128,0.5617915374288949,-0.4319629564452148,-0.44323589077095793,0.08183046628132684,-1.2065994998097656,2.392793799017028,0.44653972142007575,0.300107578235384,0.4584156711285424,0.0,1.3241460060094499,-0.11297499770269293,1.0,0.0,0.0,0.0,1.0,0.0,0.0,0.0,1.0,0.0,1
0.8658799779461003,0.3237508591864335,-0.49831226766291803,-0.4319629564452148,-0.7863912848437968,-0.5689165750987485,0.8287754140107481,0.06248929039015063,-0.4155658679111687,0.6761191001758567,0.4584156711285424,0.0,-0.5728423386734577,-0.8868871111189024,0.0,1.0,0.0,0.0,1.0,0.0,0.0,1.0,0.0,0.0,0
-1.5046438961030588,1.6651926824020182,-0.49831226766291803,-0.4319629564452148,-1.1547114078153105,-0.5689165750987485,0.8287754140107481,-0.44409864626786616,-1.277671457242413,1.040036684276139,-2.181426297094443,0.0,-0.5728423386734577,-1.4040276962426648,0.0,1.0,0.0,0.0,1.0,0.0,0.0,1.0,0.0,0.0,0
0.8658799779461003,-0.9338508500781773,-0.49831226766291803,-0.4319629564452148,-0.7863912848437968,-0.5689165750987485,0.8287754140107481,-0.14014588427305608,-0.4155658679111687,-1.203938509526507,0.4584156711285424,0.0,-0.5728423386734577,-0.8868871111189024,1.0,0.0,0.0,0.0,1.0,0.0,1.0,0.0,0.0,0.0,1
-0.31938195907847927,1.581352568451044,-0.49831226766291803,1.705453746557774,0.5267500231415996,0.7325775076614022,-1.2065994998097656,2.696746561011838,1.30864531075132,1.7772171680804867,-2.181426297094443,0.0,-0.5728423386734577,0.4383632436718838,1.0,0.0,0.0,0.0,1.0,0.0,0.0,0.0,1.0,0.0,1
0.8658799779461003,0.7429514289413038,3.7421029527043337,1.705453746557774,-0.7989736492931344,3.335565673181704,-1.2065994998097656,1.0756651637061843,-1.277671457242413,1.3028049700766446,0.4584156711285424,0.0,1.9564754542370855,0.02431732835807173,1.0,0.0,0.0,0.0,1.0,0.0,1.0,0.0,0.0,0.0,1
0.8658799779461003,-0.17928982451941083,0.5617915374288949,-0.4319629564452148,-0.8001175006067105,0.08183046628132684,-1.2065994998097656,-1.0520041702574863,-1.277671457242413,-0.07590394370508866,0.4584156711285424,0.0,1.3241460060094499,-0.3635151569551989,0.0,1.0,0.0,1.0,0.0,0.0,0.0,1.0,0.0,0.0,0
0.8658799779461003,-0.17928982451941083,0.5617915374288949,0.6367453950562796,-0.1317285748421436,0.7325775076614022,-1.2065994998097656,-0.3427810589362628,0.44653972142007575,-0.07590394370508866,0.4584156711285424,0.0,0.3756518336679961,0.13018385820912398,0.0,1.0,1.0,0.0,0.0,1.0,0.0,0.0,0.0,0.0,0
-1.5046438961030588,2.157753351863991,0.5617915374288949,-0.4319629564452148,1.5630793132415726,0.08183046628132684,-1.2065994998097656,-0.5454162335994696,1.30864531075132,1.2854886499872809,-2.181426297094443,0.0,1.3241460060094499,1.2955103847617153,0.0,1.0,1.0,0.0,0.0,0.0,0.0,1.0,0.0,0.0,0
0.8658799779461003,-0.17928982451941083,7.982518173071584,1.705453746557774,1.9033058760259998,5.938553838702005,-1.2065994998097656,-1.254639344920693,1.30864531075132,-0.07590394370508866,0.4584156711285424,0.0,4.485793247147629,0.42553441737975056,1.0,0.0,0.0,0.0,1.0,0.0,1.0,0.0,0.0,0.0,1
0.8658799779461003,-0.6823305082252551,-0.49831226766291803,-0.4319629564452148,-0.7934465597459344,-0.5689165750987485,0.8287754140107481,-0.9506865829258829,-1.277671457242413,-0.8279269875860341,0.4584156711285424,0.0,-0.5728423386734577,-0.8967930835693476,0.0,1.0,0.0,0.0,1.0,0.0,0.0,1.0,0.0,0.0,0
0.8658799779461003,-0.6823305082252551,-0.49831226766291803,-0.4319629564452148,-0.796878113686663,-0.5689165750987485,0.8287754140107481,-0.8493689955942796,-1.277671457242413,-0.8279269875860341,0.4584156711285424,0.0,-0.5728423386734577,-0.901611163554973,0.0,1.0,0.0,1.0,0.0,0.0,0.0,1.0,0.0,0.0,0
-1.5046438961030588,1.413672340549096,-0.49831226766291803,-0.4319629564452148,1.9033058760259998,-0.5689165750987485,0.8287754140107481,0.06248929039015063,1.30864531075132,0.9146995102959812,-2.181426297094443,0.0,-0.5728423386734577,2.8895874196672064,0.0,1.0,1.0,0.0,0.0,0.0,0.0,1.0,0.0,0.0,0
-0.31938195907847927,-0.43081016637233305,-0.49831226766291803,-0.4319629564452148,-0.5370316984842007,-0.5689165750987485,0.8287754140107481,-1.1533217575890897,-0.4155658679111687,-0.2281776156020346,0.4584156711285424,0.0,-0.5728423386734577,-0.5367732988301442,0.0,1.0,0.0,0.0,1.0,0.0,0.0,1.0,0.0,0.0,0
0.8658799779461003,-0.17928982451941083,-0.49831226766291803,-0.4319629564452148,-0.8001175006067105,-0.5689165750987485,0.8287754140107481,-0.9506865829258829,-1.277671457242413,-0.07590394370508866,0.4584156711285424,0.0,-0.5728423386734577,-0.906159431061403,0.0,1.0,0.0,1.0,0.0,0.0,0.0,1.0,0.0,0.0,0
